
INSERT INTO ROLLUP_ATTRIBUTE (ROLLUP_ATTRIBUTE_ID, ATTRIBUTE_DESC, ROLLUP_ENTITY_TYPE, ROLLUP_STAT_TYPE, FIELD_NAME, CUSTOM_FIELD_NAME, SITE_NAME) VALUES (1000001, 'Gift Amount', 'constituent' , 'ROLLUP_GIFT_BY_CONSTITUENT', 'AMOUNT', NULL, NULL);
INSERT INTO ROLLUP_ATTRIBUTE (ROLLUP_ATTRIBUTE_ID, ATTRIBUTE_DESC, ROLLUP_ENTITY_TYPE, ROLLUP_STAT_TYPE, FIELD_NAME, CUSTOM_FIELD_NAME, SITE_NAME) VALUES (1000002, 'Adjusted Gift Amount', 'constituent' , 'ROLLUP_ADJUSTED_GIFT_BY_CONSTITUENT', 'ADJUSTED_AMOUNT', NULL, NULL);
INSERT INTO ROLLUP_ATTRIBUTE (ROLLUP_ATTRIBUTE_ID, ATTRIBUTE_DESC, ROLLUP_ENTITY_TYPE, ROLLUP_STAT_TYPE, FIELD_NAME, CUSTOM_FIELD_NAME, SITE_NAME) VALUES (1000003, 'Gift In Kind Amount', 'constituent', 'ROLLUP_GIFT_IN_KIND_BY_CONSTITUENT', 'FAIR_MARKET_VALUE', NULL, NULL);
INSERT INTO ROLLUP_ATTRIBUTE (ROLLUP_ATTRIBUTE_ID, ATTRIBUTE_DESC, ROLLUP_ENTITY_TYPE, ROLLUP_STAT_TYPE, FIELD_NAME, CUSTOM_FIELD_NAME, SITE_NAME) VALUES (1000004, 'Soft Gift Amount', 'constituent', 'ROLLUP_GIFT_DISTRO_LINE_AMOUNT_BY_CF_CONSTITUENT', NULL, 'onBehalfOf', NULL);

INSERT INTO ROLLUP_SERIES (ROLLUP_SERIES_ID, SERIES_DESC, SERIES_TYPE, MAINTAIN_PERIODS, FUTURE_PERIODS, KEEP_UNMAINTAINED, SITE_NAME) VALUES (2000001, 'CTD', 'CALENDAR_YEAR', 5, 0, FALSE, NULL);
INSERT INTO ROLLUP_SERIES_X_ATTRIBUTE (ROLLUP_SERIES_ID, ROLLUP_ATTRIBUTE_ID) VALUES (2000001, 1000001);
INSERT INTO ROLLUP_SERIES_X_ATTRIBUTE (ROLLUP_SERIES_ID, ROLLUP_ATTRIBUTE_ID) VALUES (2000001, 1000002);
INSERT INTO ROLLUP_SERIES_X_ATTRIBUTE (ROLLUP_SERIES_ID, ROLLUP_ATTRIBUTE_ID) VALUES (2000001, 1000003);
INSERT INTO ROLLUP_SERIES_X_ATTRIBUTE (ROLLUP_SERIES_ID, ROLLUP_ATTRIBUTE_ID) VALUES (2000001, 1000004);
INSERT INTO ROLLUP_SERIES (ROLLUP_SERIES_ID, SERIES_DESC, SERIES_TYPE, MAINTAIN_PERIODS, FUTURE_PERIODS, KEEP_UNMAINTAINED, SITE_NAME) VALUES (2000002, 'FTD', 'FISCAL_YEAR', 5, 0, FALSE, NULL);
INSERT INTO ROLLUP_SERIES_X_ATTRIBUTE (ROLLUP_SERIES_ID, ROLLUP_ATTRIBUTE_ID) VALUES (2000002, 1000001);
INSERT INTO ROLLUP_SERIES_X_ATTRIBUTE (ROLLUP_SERIES_ID, ROLLUP_ATTRIBUTE_ID) VALUES (2000002, 1000002);
INSERT INTO ROLLUP_SERIES_X_ATTRIBUTE (ROLLUP_SERIES_ID, ROLLUP_ATTRIBUTE_ID) VALUES (2000002, 1000003);
INSERT INTO ROLLUP_SERIES_X_ATTRIBUTE (ROLLUP_SERIES_ID, ROLLUP_ATTRIBUTE_ID) VALUES (2000002, 1000004);
INSERT INTO ROLLUP_SERIES (ROLLUP_SERIES_ID, SERIES_DESC, SERIES_TYPE, MAINTAIN_PERIODS, FUTURE_PERIODS, KEEP_UNMAINTAINED, SITE_NAME) VALUES (2000003, 'All', 'ALLTIME', 1, 0, FALSE, NULL);
INSERT INTO ROLLUP_SERIES_X_ATTRIBUTE (ROLLUP_SERIES_ID, ROLLUP_ATTRIBUTE_ID) VALUES (2000003, 1000001);
INSERT INTO ROLLUP_SERIES_X_ATTRIBUTE (ROLLUP_SERIES_ID, ROLLUP_ATTRIBUTE_ID) VALUES (2000003, 1000002);
INSERT INTO ROLLUP_SERIES_X_ATTRIBUTE (ROLLUP_SERIES_ID, ROLLUP_ATTRIBUTE_ID) VALUES (2000003, 1000003);
INSERT INTO ROLLUP_SERIES_X_ATTRIBUTE (ROLLUP_SERIES_ID, ROLLUP_ATTRIBUTE_ID) VALUES (2000003, 1000004);




