-- add messages for required field (required field not entered) and bad field (entered value doesn't pass validation)
INSERT INTO MESSAGE_RESOURCE (LANGUAGE_ABBREVIATION, MESSAGE_KEY, MESSAGE_RESOURCE_TYPE, MESSAGE_VALUE) values ('en_US', 'fieldRequiredFailure', 'FIELD_VALIDATION', '{0} is required');
INSERT INTO MESSAGE_RESOURCE (LANGUAGE_ABBREVIATION, MESSAGE_KEY, MESSAGE_RESOURCE_TYPE, MESSAGE_VALUE) values ('en_US', 'fieldValidationFailure', 'FIELD_VALIDATION', '{0} value is incorrect');

INSERT INTO MESSAGE_RESOURCE (LANGUAGE_ABBREVIATION, MESSAGE_KEY, MESSAGE_RESOURCE_TYPE, MESSAGE_VALUE) values ('en_US', 'fieldSelfReference', 'FIELD_VALIDATION', 'Value for {0} cannot reference itself.');
INSERT INTO MESSAGE_RESOURCE (LANGUAGE_ABBREVIATION, MESSAGE_KEY, MESSAGE_RESOURCE_TYPE, MESSAGE_VALUE) values ('en_US', 'childReferenceError', 'FIELD_VALIDATION', 'A value in list field {0} cannot reference a higher level item.');
INSERT INTO MESSAGE_RESOURCE (LANGUAGE_ABBREVIATION, MESSAGE_KEY, MESSAGE_RESOURCE_TYPE, MESSAGE_VALUE) values ('en_US', 'parentReferenceError', 'FIELD_VALIDATION', 'Value for field {0} cannot reference a lower level item.');
INSERT INTO MESSAGE_RESOURCE (LANGUAGE_ABBREVIATION, MESSAGE_KEY, MESSAGE_RESOURCE_TYPE, MESSAGE_VALUE) values ('en_US', 'relationshipTooManyLevels', 'FIELD_VALIDATION', 'Relationship tree for {0} exceeds maximum number of levels.');


INSERT INTO FIELD_REQUIRED (FIELD_REQUIRED_ID, SITE_NAME, SECTION_NAME, FIELD_DEFINITION_ID, SECONDARY_FIELD_DEFINITION_ID, REQUIRED) VALUES (1, null, 'person.contactInfo', 'person.constituentType', null, TRUE);



-- Add email syntax validation for company1
INSERT INTO FIELD_VALIDATION (SITE_NAME, SECTION_NAME, FIELD_DEFINITION_ID, SECONDARY_FIELD_DEFINITION_ID, VALIDATION_REGEX) VALUES ('company1', 'person.contactInfo', 'person.emailMap[home]', 'email.emailAddress', 'extensions:isEmail');

-- Add credit card number validation for company1
-- A test credit card number is Visa 4111111111111111
INSERT INTO FIELD_VALIDATION (SITE_NAME, SECTION_NAME, FIELD_DEFINITION_ID, SECONDARY_FIELD_DEFINITION_ID, VALIDATION_REGEX) VALUES ('company1', 'gift.creditCard', 'gift.paymentSource.creditCardNumber', 'paymentSource.creditCardNumber', 'extensions:isCreditCard');
INSERT INTO FIELD_VALIDATION (SITE_NAME, SECTION_NAME, FIELD_DEFINITION_ID, SECONDARY_FIELD_DEFINITION_ID, VALIDATION_REGEX) VALUES ('company1', 'commitment.creditCard', 'commitment.paymentSource.creditCardNumber', 'paymentSource.creditCardNumber', 'extensions:isCreditCard');
INSERT INTO FIELD_VALIDATION (SITE_NAME, SECTION_NAME, FIELD_DEFINITION_ID, SECONDARY_FIELD_DEFINITION_ID, VALIDATION_REGEX) VALUES ('company1', 'paymentSource.creditCard', 'paymentSource.creditCardNumber', null, 'extensions:isCreditCard');

-- make zip code required, and contain 5 digits, for company1
--INSERT INTO FIELD_VALIDATION (SITE_NAME, SECTION_NAME, FIELD_DEFINITION_ID, SECONDARY_FIELD_DEFINITION_ID, VALIDATION_REGEX) VALUES ('company1', 'person.contactInfo', 'person.addressMap[home]', 'address.postalCode', '^\\d{5}$');
--INSERT INTO FIELD_REQUIRED (FIELD_REQUIRED_ID, SITE_NAME, SECTION_NAME, FIELD_DEFINITION_ID, SECONDARY_FIELD_DEFINITION_ID, REQUIRED) VALUES (1, 'company1', 'person.contactInfo', 'person.addressMap[home]', 'address.postalCode', TRUE);

-- Gift Value messages for company1
INSERT INTO MESSAGE_RESOURCE (LANGUAGE_ABBREVIATION, MESSAGE_KEY, MESSAGE_RESOURCE_TYPE, MESSAGE_VALUE, SITE_NAME) values ('en_US', 'fieldRequiredFailure.gift.amount', 'FIELD_VALIDATION', 'Amount is required', 'company1');
INSERT INTO MESSAGE_RESOURCE (LANGUAGE_ABBREVIATION, MESSAGE_KEY, MESSAGE_RESOURCE_TYPE, MESSAGE_VALUE, SITE_NAME) values ('en_US', 'fieldValidationFailure.gift.amount', 'FIELD_VALIDATION', 'Amount is incorrect', 'company1');

-- make gift value required
INSERT INTO FIELD_REQUIRED (FIELD_REQUIRED_ID, SITE_NAME, SECTION_NAME, FIELD_DEFINITION_ID, SECONDARY_FIELD_DEFINITION_ID, REQUIRED) VALUES (2, null, 'gift.info', 'gift.amount', null, TRUE);

-- make payment source required 
INSERT INTO FIELD_REQUIRED (FIELD_REQUIRED_ID, SITE_NAME, SECTION_NAME, FIELD_DEFINITION_ID, SECONDARY_FIELD_DEFINITION_ID, REQUIRED) VALUES (3, null, 'gift.info', 'gift.selectedPaymentSource', null, TRUE);

-- make gift credit card info required
INSERT INTO FIELD_REQUIRED (FIELD_REQUIRED_ID, SITE_NAME, SECTION_NAME, FIELD_DEFINITION_ID, SECONDARY_FIELD_DEFINITION_ID, REQUIRED) VALUES (4, null, 'gift.creditCard', 'gift.paymentSource.creditCardHolderName', 'paymentSource.creditCardHolderName', TRUE);
INSERT INTO FIELD_REQUIRED (FIELD_REQUIRED_ID, SITE_NAME, SECTION_NAME, FIELD_DEFINITION_ID, SECONDARY_FIELD_DEFINITION_ID, REQUIRED) VALUES (5, null, 'gift.creditCard', 'gift.paymentSource.creditCardType', 'paymentSource.creditCardType', TRUE);
INSERT INTO FIELD_REQUIRED (FIELD_REQUIRED_ID, SITE_NAME, SECTION_NAME, FIELD_DEFINITION_ID, SECONDARY_FIELD_DEFINITION_ID, REQUIRED) VALUES (6, null, 'gift.creditCard', 'gift.paymentSource.creditCardNumber', 'paymentSource.creditCardNumber', TRUE);
INSERT INTO FIELD_REQUIRED (FIELD_REQUIRED_ID, SITE_NAME, SECTION_NAME, FIELD_DEFINITION_ID, SECONDARY_FIELD_DEFINITION_ID, REQUIRED) VALUES (7, null, 'gift.creditCard', 'gift.paymentSource.creditCardExpiration', 'paymentSource.creditCardExpiration', TRUE);
INSERT INTO FIELD_CONDITION (DEPENDENT_FIELD_DEFINITION_ID, DEPENDENT_VALUE, FIELD_REQUIRED_ID, VALIDATION_ID) VALUES ('gift.paymentType', 'Credit Card', 4, null);
INSERT INTO FIELD_CONDITION (DEPENDENT_FIELD_DEFINITION_ID, DEPENDENT_VALUE, FIELD_REQUIRED_ID, VALIDATION_ID) VALUES ('gift.paymentType', 'Credit Card', 5, null);
INSERT INTO FIELD_CONDITION (DEPENDENT_FIELD_DEFINITION_ID, DEPENDENT_VALUE, FIELD_REQUIRED_ID, VALIDATION_ID) VALUES ('gift.paymentType', 'Credit Card', 6, null);
INSERT INTO FIELD_CONDITION (DEPENDENT_FIELD_DEFINITION_ID, DEPENDENT_VALUE, FIELD_REQUIRED_ID, VALIDATION_ID) VALUES ('gift.paymentType', 'Credit Card', 7, null);

-- make gift ach info required
INSERT INTO FIELD_REQUIRED (FIELD_REQUIRED_ID, SITE_NAME, SECTION_NAME, FIELD_DEFINITION_ID, SECONDARY_FIELD_DEFINITION_ID, REQUIRED) VALUES (8, null, 'gift.ach', 'gift.paymentSource.achHolderName', 'paymentSource.achHolderName', TRUE);
INSERT INTO FIELD_REQUIRED (FIELD_REQUIRED_ID, SITE_NAME, SECTION_NAME, FIELD_DEFINITION_ID, SECONDARY_FIELD_DEFINITION_ID, REQUIRED) VALUES (9, null, 'gift.ach', 'gift.paymentSource.achRoutingNumber', 'paymentSource.achRoutingNumber', TRUE);
INSERT INTO FIELD_REQUIRED (FIELD_REQUIRED_ID, SITE_NAME, SECTION_NAME, FIELD_DEFINITION_ID, SECONDARY_FIELD_DEFINITION_ID, REQUIRED) VALUES (10, null, 'gift.ach', 'gift.paymentSource.achAccountNumber', 'paymentSource.achAccountNumber', TRUE);
INSERT INTO FIELD_CONDITION (DEPENDENT_FIELD_DEFINITION_ID, DEPENDENT_VALUE, FIELD_REQUIRED_ID, VALIDATION_ID) VALUES ('gift.paymentType', 'ACH', 8, null);
INSERT INTO FIELD_CONDITION (DEPENDENT_FIELD_DEFINITION_ID, DEPENDENT_VALUE, FIELD_REQUIRED_ID, VALIDATION_ID) VALUES ('gift.paymentType', 'ACH', 9, null);
INSERT INTO FIELD_CONDITION (DEPENDENT_FIELD_DEFINITION_ID, DEPENDENT_VALUE, FIELD_REQUIRED_ID, VALIDATION_ID) VALUES ('gift.paymentType', 'ACH', 10, null);

-- make gift check info required
INSERT INTO FIELD_REQUIRED (FIELD_REQUIRED_ID, SITE_NAME, SECTION_NAME, FIELD_DEFINITION_ID, SECONDARY_FIELD_DEFINITION_ID, REQUIRED) VALUES (11, null, 'gift.check', 'gift.checkNumber', null, TRUE);
INSERT INTO FIELD_CONDITION (DEPENDENT_FIELD_DEFINITION_ID, DEPENDENT_VALUE, FIELD_REQUIRED_ID, VALIDATION_ID) VALUES ('gift.paymentType', 'Check', 11, null);

-- make phone required based on primary phone selection
INSERT INTO FIELD_REQUIRED (FIELD_REQUIRED_ID, SITE_NAME, SECTION_NAME, FIELD_DEFINITION_ID, SECONDARY_FIELD_DEFINITION_ID, REQUIRED) VALUES (12, null, 'person.contactInfo', 'person.phoneMap[home]', null, TRUE);
INSERT INTO FIELD_REQUIRED (FIELD_REQUIRED_ID, SITE_NAME, SECTION_NAME, FIELD_DEFINITION_ID, SECONDARY_FIELD_DEFINITION_ID, REQUIRED) VALUES (13, null, 'person.contactInfo', 'person.phoneMap[work]', null, TRUE);
INSERT INTO FIELD_REQUIRED (FIELD_REQUIRED_ID, SITE_NAME, SECTION_NAME, FIELD_DEFINITION_ID, SECONDARY_FIELD_DEFINITION_ID, REQUIRED) VALUES (14, null, 'person.contactInfo', 'person.phoneMap[mobile]', null, TRUE);
INSERT INTO FIELD_CONDITION (DEPENDENT_FIELD_DEFINITION_ID, DEPENDENT_VALUE, FIELD_REQUIRED_ID, VALIDATION_ID) VALUES ('person.preferredPhoneType', 'phoneMap[home].number', 12, null);
INSERT INTO FIELD_CONDITION (DEPENDENT_FIELD_DEFINITION_ID, DEPENDENT_VALUE, FIELD_REQUIRED_ID, VALIDATION_ID) VALUES ('person.preferredPhoneType', 'phoneMap[work].number', 13, null);
INSERT INTO FIELD_CONDITION (DEPENDENT_FIELD_DEFINITION_ID, DEPENDENT_VALUE, FIELD_REQUIRED_ID, VALIDATION_ID) VALUES ('person.preferredPhoneType', 'phoneMap[mobile].number', 14, null);

-- make address line 1 required if address line 2 has a value
INSERT INTO FIELD_REQUIRED (FIELD_REQUIRED_ID, SITE_NAME, SECTION_NAME, FIELD_DEFINITION_ID, SECONDARY_FIELD_DEFINITION_ID, REQUIRED) VALUES (15, null, 'person.contactInfo', 'person.addressMap[home]', 'address.addressLine1', TRUE);
INSERT INTO FIELD_CONDITION (DEPENDENT_FIELD_DEFINITION_ID, DEPENDENT_SECONDARY_FIELD_DEFINITION_ID, DEPENDENT_VALUE, FIELD_REQUIRED_ID, VALIDATION_ID) VALUES ('person.addressMap[home]', 'address.addressLine2', '!null', 15, null);

-- add messages for ach
INSERT INTO MESSAGE_RESOURCE (LANGUAGE_ABBREVIATION, MESSAGE_KEY, MESSAGE_RESOURCE_TYPE, MESSAGE_VALUE) values ('en_US', 'invalidAchAccountNumber', 'FIELD_VALIDATION', 'Invalid ACH account number');
INSERT INTO MESSAGE_RESOURCE (LANGUAGE_ABBREVIATION, MESSAGE_KEY, MESSAGE_RESOURCE_TYPE, MESSAGE_VALUE) values ('en_US', 'invalidAchRoutingNumber', 'FIELD_VALIDATION', 'Invalid ACH routing number');

-- add messages for credit card
INSERT INTO MESSAGE_RESOURCE (LANGUAGE_ABBREVIATION, MESSAGE_KEY, MESSAGE_RESOURCE_TYPE, MESSAGE_VALUE) values ('en_US', 'invalidCreditCardType', 'FIELD_VALIDATION', 'Invalid credit card type');
INSERT INTO MESSAGE_RESOURCE (LANGUAGE_ABBREVIATION, MESSAGE_KEY, MESSAGE_RESOURCE_TYPE, MESSAGE_VALUE) values ('en_US', 'invalidCreditCardNumber', 'FIELD_VALIDATION', 'Invalid credit card number');
INSERT INTO MESSAGE_RESOURCE (LANGUAGE_ABBREVIATION, MESSAGE_KEY, MESSAGE_RESOURCE_TYPE, MESSAGE_VALUE) values ('en_US', 'invalidCreditCardExpiration', 'FIELD_VALIDATION', 'Credit card expiration must be after today');


-- add validation to require spouse name if married
INSERT INTO FIELD_REQUIRED (FIELD_REQUIRED_ID, SITE_NAME, SECTION_NAME, FIELD_DEFINITION_ID, REQUIRED) VALUES (16, null, 'person.contactInfo', 'person.customFieldMap[individual.spouse]', TRUE);
INSERT INTO FIELD_CONDITION (DEPENDENT_FIELD_DEFINITION_ID, DEPENDENT_VALUE, FIELD_REQUIRED_ID, VALIDATION_ID) VALUES ('person.maritalStatus', 'Married', 16, null);



-- Payment Methods
-- Validate paymentType for payment methods
INSERT INTO FIELD_REQUIRED (FIELD_REQUIRED_ID, SITE_NAME, SECTION_NAME, FIELD_DEFINITION_ID, REQUIRED) VALUES (17, null, 'paymentSource.info', 'paymentSource.type', TRUE);

INSERT INTO FIELD_REQUIRED (FIELD_REQUIRED_ID, SITE_NAME, SECTION_NAME, FIELD_DEFINITION_ID, REQUIRED) VALUES (18, null, 'paymentSource.creditCard', 'paymentSource.creditCardHolderName', TRUE);
INSERT INTO FIELD_REQUIRED (FIELD_REQUIRED_ID, SITE_NAME, SECTION_NAME, FIELD_DEFINITION_ID, REQUIRED) VALUES (19, null, 'paymentSource.creditCard', 'paymentSource.creditCardType', TRUE);
INSERT INTO FIELD_REQUIRED (FIELD_REQUIRED_ID, SITE_NAME, SECTION_NAME, FIELD_DEFINITION_ID, REQUIRED) VALUES (20, null, 'paymentSource.creditCard', 'paymentSource.creditCardExpiration', TRUE);
INSERT INTO FIELD_REQUIRED (FIELD_REQUIRED_ID, SITE_NAME, SECTION_NAME, FIELD_DEFINITION_ID, REQUIRED) VALUES (21, null, 'paymentSource.creditCard', 'paymentSource.creditCardNumber', TRUE);
INSERT INTO FIELD_CONDITION (DEPENDENT_FIELD_DEFINITION_ID, DEPENDENT_VALUE, FIELD_REQUIRED_ID, VALIDATION_ID) VALUES ('paymentSource.type', 'Credit Card', 18, null);
INSERT INTO FIELD_CONDITION (DEPENDENT_FIELD_DEFINITION_ID, DEPENDENT_VALUE, FIELD_REQUIRED_ID, VALIDATION_ID) VALUES ('paymentSource.type', 'Credit Card', 19, null);
INSERT INTO FIELD_CONDITION (DEPENDENT_FIELD_DEFINITION_ID, DEPENDENT_VALUE, FIELD_REQUIRED_ID, VALIDATION_ID) VALUES ('paymentSource.type', 'Credit Card', 20, null);
INSERT INTO FIELD_CONDITION (DEPENDENT_FIELD_DEFINITION_ID, DEPENDENT_VALUE, FIELD_REQUIRED_ID, VALIDATION_ID) VALUES ('paymentSource.type', 'Credit Card', 21, null);

INSERT INTO FIELD_REQUIRED (FIELD_REQUIRED_ID, SITE_NAME, SECTION_NAME, FIELD_DEFINITION_ID, REQUIRED) VALUES (22, null, 'paymentSource.ach', 'paymentSource.achHolderName', TRUE);
INSERT INTO FIELD_REQUIRED (FIELD_REQUIRED_ID, SITE_NAME, SECTION_NAME, FIELD_DEFINITION_ID, REQUIRED) VALUES (23, null, 'paymentSource.ach', 'paymentSource.achRoutingNumber', TRUE);
INSERT INTO FIELD_REQUIRED (FIELD_REQUIRED_ID, SITE_NAME, SECTION_NAME, FIELD_DEFINITION_ID, REQUIRED) VALUES (24, null, 'paymentSource.ach', 'paymentSource.achAccountNumber', TRUE);
INSERT INTO FIELD_CONDITION (DEPENDENT_FIELD_DEFINITION_ID, DEPENDENT_VALUE, FIELD_REQUIRED_ID, VALIDATION_ID) VALUES ('paymentSource.type', 'ACH', 22, null);
INSERT INTO FIELD_CONDITION (DEPENDENT_FIELD_DEFINITION_ID, DEPENDENT_VALUE, FIELD_REQUIRED_ID, VALIDATION_ID) VALUES ('paymentSource.type', 'ACH', 23, null);
INSERT INTO FIELD_CONDITION (DEPENDENT_FIELD_DEFINITION_ID, DEPENDENT_VALUE, FIELD_REQUIRED_ID, VALIDATION_ID) VALUES ('paymentSource.type', 'ACH', 24, null);

INSERT INTO FIELD_REQUIRED (FIELD_REQUIRED_ID, SITE_NAME, SECTION_NAME, FIELD_DEFINITION_ID, SECONDARY_FIELD_DEFINITION_ID, REQUIRED) VALUES (25, null, 'paymentSource.info', 'paymentSource.address.addressLine1', 'address.addressLine1', TRUE);
INSERT INTO FIELD_REQUIRED (FIELD_REQUIRED_ID, SITE_NAME, SECTION_NAME, FIELD_DEFINITION_ID, SECONDARY_FIELD_DEFINITION_ID, REQUIRED) VALUES (26, null, 'paymentSource.info', 'paymentSource.address.city', 'address.city', TRUE);
INSERT INTO FIELD_REQUIRED (FIELD_REQUIRED_ID, SITE_NAME, SECTION_NAME, FIELD_DEFINITION_ID, SECONDARY_FIELD_DEFINITION_ID, REQUIRED) VALUES (27, null, 'paymentSource.info', 'paymentSource.address.stateProvince', 'address.stateProvince', TRUE);
INSERT INTO FIELD_REQUIRED (FIELD_REQUIRED_ID, SITE_NAME, SECTION_NAME, FIELD_DEFINITION_ID, SECONDARY_FIELD_DEFINITION_ID, REQUIRED) VALUES (28, null, 'paymentSource.info', 'paymentSource.address.postalCode', 'address.postalCode', TRUE);
INSERT INTO FIELD_REQUIRED (FIELD_REQUIRED_ID, SITE_NAME, SECTION_NAME, FIELD_DEFINITION_ID, SECONDARY_FIELD_DEFINITION_ID, REQUIRED) VALUES (29, null, 'paymentSource.info', 'paymentSource.address.country', 'address.country', TRUE);
INSERT INTO FIELD_CONDITION (DEPENDENT_FIELD_DEFINITION_ID, DEPENDENT_SECONDARY_FIELD_DEFINITION_ID, DEPENDENT_VALUE, FIELD_REQUIRED_ID, VALIDATION_ID) VALUES ('paymentSource.address.addressLine1', 'address.userCreated', 'true', 25, null);
INSERT INTO FIELD_CONDITION (DEPENDENT_FIELD_DEFINITION_ID, DEPENDENT_SECONDARY_FIELD_DEFINITION_ID, DEPENDENT_VALUE, FIELD_REQUIRED_ID, VALIDATION_ID) VALUES ('paymentSource.address.city', 'address.userCreated', 'true', 26, null);
INSERT INTO FIELD_CONDITION (DEPENDENT_FIELD_DEFINITION_ID, DEPENDENT_SECONDARY_FIELD_DEFINITION_ID, DEPENDENT_VALUE, FIELD_REQUIRED_ID, VALIDATION_ID) VALUES ('paymentSource.address.stateProvince', 'address.userCreated', 'true', 27, null);
INSERT INTO FIELD_CONDITION (DEPENDENT_FIELD_DEFINITION_ID, DEPENDENT_SECONDARY_FIELD_DEFINITION_ID, DEPENDENT_VALUE, FIELD_REQUIRED_ID, VALIDATION_ID) VALUES ('paymentSource.address.postalCode', 'address.userCreated', 'true', 28, null);
INSERT INTO FIELD_CONDITION (DEPENDENT_FIELD_DEFINITION_ID, DEPENDENT_SECONDARY_FIELD_DEFINITION_ID, DEPENDENT_VALUE, FIELD_REQUIRED_ID, VALIDATION_ID) VALUES ('paymentSource.address.country', 'address.userCreated', 'true', 29, null);

INSERT INTO FIELD_REQUIRED (FIELD_REQUIRED_ID, SITE_NAME, SECTION_NAME, FIELD_DEFINITION_ID, SECONDARY_FIELD_DEFINITION_ID, REQUIRED) VALUES (30, null, 'paymentSource.info', 'paymentSource.phone.number', 'phone.number', TRUE);
INSERT INTO FIELD_CONDITION (DEPENDENT_FIELD_DEFINITION_ID, DEPENDENT_SECONDARY_FIELD_DEFINITION_ID, DEPENDENT_VALUE, FIELD_REQUIRED_ID, VALIDATION_ID) VALUES ('paymentSource.phone.number', 'phone.userCreated', 'true', 30, null);


-- Edit Payment Method
INSERT INTO FIELD_REQUIRED (FIELD_REQUIRED_ID, SITE_NAME, SECTION_NAME, FIELD_DEFINITION_ID, SECONDARY_FIELD_DEFINITION_ID, REQUIRED) VALUES (31, null, 'paymentSource.infoEdit', 'paymentSource.address.addressLine1', 'address.addressLine1', TRUE);
INSERT INTO FIELD_REQUIRED (FIELD_REQUIRED_ID, SITE_NAME, SECTION_NAME, FIELD_DEFINITION_ID, SECONDARY_FIELD_DEFINITION_ID, REQUIRED) VALUES (32, null, 'paymentSource.infoEdit', 'paymentSource.address.city', 'address.city', TRUE);
INSERT INTO FIELD_REQUIRED (FIELD_REQUIRED_ID, SITE_NAME, SECTION_NAME, FIELD_DEFINITION_ID, SECONDARY_FIELD_DEFINITION_ID, REQUIRED) VALUES (33, null, 'paymentSource.infoEdit', 'paymentSource.address.stateProvince', 'address.stateProvince', TRUE);
INSERT INTO FIELD_REQUIRED (FIELD_REQUIRED_ID, SITE_NAME, SECTION_NAME, FIELD_DEFINITION_ID, SECONDARY_FIELD_DEFINITION_ID, REQUIRED) VALUES (34, null, 'paymentSource.infoEdit', 'paymentSource.address.postalCode', 'address.postalCode', TRUE);
INSERT INTO FIELD_REQUIRED (FIELD_REQUIRED_ID, SITE_NAME, SECTION_NAME, FIELD_DEFINITION_ID, SECONDARY_FIELD_DEFINITION_ID, REQUIRED) VALUES (35, null, 'paymentSource.infoEdit', 'paymentSource.address.country', 'address.country', TRUE);
INSERT INTO FIELD_CONDITION (DEPENDENT_FIELD_DEFINITION_ID, DEPENDENT_SECONDARY_FIELD_DEFINITION_ID, DEPENDENT_VALUE, FIELD_REQUIRED_ID, VALIDATION_ID) VALUES ('paymentSource.address.addressLine1', 'address.userCreated', 'true', 31, null);
INSERT INTO FIELD_CONDITION (DEPENDENT_FIELD_DEFINITION_ID, DEPENDENT_SECONDARY_FIELD_DEFINITION_ID, DEPENDENT_VALUE, FIELD_REQUIRED_ID, VALIDATION_ID) VALUES ('paymentSource.address.city', 'address.userCreated', 'true', 32, null);
INSERT INTO FIELD_CONDITION (DEPENDENT_FIELD_DEFINITION_ID, DEPENDENT_SECONDARY_FIELD_DEFINITION_ID, DEPENDENT_VALUE, FIELD_REQUIRED_ID, VALIDATION_ID) VALUES ('paymentSource.address.stateProvince', 'address.userCreated', 'true', 33, null);
INSERT INTO FIELD_CONDITION (DEPENDENT_FIELD_DEFINITION_ID, DEPENDENT_SECONDARY_FIELD_DEFINITION_ID, DEPENDENT_VALUE, FIELD_REQUIRED_ID, VALIDATION_ID) VALUES ('paymentSource.address.postalCode', 'address.userCreated', 'true', 34, null);
INSERT INTO FIELD_CONDITION (DEPENDENT_FIELD_DEFINITION_ID, DEPENDENT_SECONDARY_FIELD_DEFINITION_ID, DEPENDENT_VALUE, FIELD_REQUIRED_ID, VALIDATION_ID) VALUES ('paymentSource.address.country', 'address.userCreated', 'true', 35, null);

INSERT INTO FIELD_REQUIRED (FIELD_REQUIRED_ID, SITE_NAME, SECTION_NAME, FIELD_DEFINITION_ID, SECONDARY_FIELD_DEFINITION_ID, REQUIRED) VALUES (36, null, 'paymentSource.infoEdit', 'paymentSource.phone.number', 'phone.number', TRUE);
INSERT INTO FIELD_CONDITION (DEPENDENT_FIELD_DEFINITION_ID, DEPENDENT_SECONDARY_FIELD_DEFINITION_ID, DEPENDENT_VALUE, FIELD_REQUIRED_ID, VALIDATION_ID) VALUES ('paymentSource.phone.number', 'phone.userCreated', 'true', 36, null);



-- add messages for Payment Source Profile
INSERT INTO MESSAGE_RESOURCE (LANGUAGE_ABBREVIATION, MESSAGE_KEY, MESSAGE_RESOURCE_TYPE, MESSAGE_VALUE) values ('en_US', 'blankPaymentProfile', 'FIELD_VALIDATION', 'The Payment Profile must be composed of alphanumeric characters');
INSERT INTO MESSAGE_RESOURCE (LANGUAGE_ABBREVIATION, MESSAGE_KEY, MESSAGE_RESOURCE_TYPE, MESSAGE_VALUE) values ('en_US', 'paymentProfileAlreadyExists', 'FIELD_VALIDATION', 'The Payment Profile entered already exists and is not unique');
