-- Site
INSERT INTO SITE (SITE_NAME, PARENT_SITE_NAME, CREATE_DATE, UPDATE_DATE, MERCHANT_NUMBER) VALUES ('company1', NULL, CURRENT_TIMESTAMP, CURRENT_TIMESTAMP, '1234-4321');
INSERT INTO SITE (SITE_NAME, PARENT_SITE_NAME, CREATE_DATE, UPDATE_DATE, MERCHANT_NUMBER) VALUES ('company2', NULL, CURRENT_TIMESTAMP, CURRENT_TIMESTAMP, 'COMP2-1234');

-- Page Access
INSERT INTO PAGE_ACCESS (ACCESS_TYPE, PAGE_TYPE, ROLE, SITE_NAME) VALUES ('DENIED', 'giftList', 'ROLE_USER', 'company1');
INSERT INTO PAGE_ACCESS (ACCESS_TYPE, PAGE_TYPE, ROLE, SITE_NAME) VALUES ('DENIED', 'giftSearchResults', 'ROLE_USER', 'company1');
INSERT INTO PAGE_ACCESS (ACCESS_TYPE, PAGE_TYPE, ROLE, SITE_NAME) VALUES ('DENIED', 'giftSearch', 'ROLE_USER', 'company1');
INSERT INTO PAGE_ACCESS (ACCESS_TYPE, PAGE_TYPE, ROLE, SITE_NAME) VALUES ('READ_ONLY', 'giftList', 'ROLE_SUPER_USER', 'company1');
INSERT INTO PAGE_ACCESS (ACCESS_TYPE, PAGE_TYPE, ROLE, SITE_NAME) VALUES ('READ_ONLY', 'giftSearch', 'ROLE_SUPER_USER', 'company1');
INSERT INTO PAGE_ACCESS (ACCESS_TYPE, PAGE_TYPE, ROLE, SITE_NAME) VALUES ('READ_ONLY', 'giftSearchResults', 'ROLE_SUPER_USER', 'company1');
INSERT INTO PAGE_ACCESS (ACCESS_TYPE, PAGE_TYPE, ROLE, SITE_NAME) VALUES ('READ_WRITE', 'giftList', 'ROLE_SUPER_MANAGER', 'company1');
INSERT INTO PAGE_ACCESS (ACCESS_TYPE, PAGE_TYPE, ROLE, SITE_NAME) VALUES ('READ_WRITE', 'giftSearch', 'ROLE_SUPER_MANAGER', 'company1');
INSERT INTO PAGE_ACCESS (ACCESS_TYPE, PAGE_TYPE, ROLE, SITE_NAME) VALUES ('READ_WRITE', 'giftSearchResults', 'ROLE_SUPER_MANAGER', 'company1');
INSERT INTO PAGE_ACCESS (ACCESS_TYPE, PAGE_TYPE, ROLE) VALUES ('DENIED', 'person', 'ROLE_DOOFUS');

-- Section Definitions
INSERT INTO SECTION_DEFINITION (SECTION_DEFINITION_ID, PAGE_TYPE, SECTION_NAME, DEFAULT_LABEL, SECTION_ORDER, LAYOUT_TYPE, ROLE) VALUES (100, 'person', 'person.contactInfo', 'Contact Details', 1, 'TWO_COLUMN', 'ROLE_SUPER_MANAGER');
INSERT INTO SECTION_DEFINITION (SECTION_DEFINITION_ID, PAGE_TYPE, SECTION_NAME, DEFAULT_LABEL, SECTION_ORDER, LAYOUT_TYPE, ROLE) VALUES (200, 'person', 'person.demographics', 'Demographic Information', 2, 'TWO_COLUMN', 'ROLE_SUPER_MANAGER');
INSERT INTO SECTION_DEFINITION (SECTION_DEFINITION_ID, PAGE_TYPE, SECTION_NAME, DEFAULT_LABEL, SECTION_ORDER, LAYOUT_TYPE, ROLE) VALUES (300, 'person', 'person.relationshipInfo', 'Relationship Information', 3, 'TWO_COLUMN', 'ROLE_SUPER_MANAGER');
INSERT INTO SECTION_DEFINITION (SECTION_DEFINITION_ID, PAGE_TYPE, SECTION_NAME, DEFAULT_LABEL, SECTION_ORDER, LAYOUT_TYPE, ROLE, SITE_NAME) VALUES (400, 'gift', 'gift.donation', 'Donation Information', 1, 'TWO_COLUMN', 'ROLE_USER', 'company1');
INSERT INTO SECTION_DEFINITION (SECTION_DEFINITION_ID, PAGE_TYPE, SECTION_NAME, DEFAULT_LABEL, SECTION_ORDER, LAYOUT_TYPE, ROLE, SITE_NAME) VALUES (500, 'gift', 'gift.payment', 'Payment Information', 2, 'ONE_COLUMN', 'ROLE_USER', 'company1');

-- Field Definitions
INSERT INTO FIELD_DEFINITION (FIELD_DEFINITION_ID, ENTITY_TYPE, FIELD_NAME, DEFAULT_LABEL, FIELD_TYPE, ENTITY_ATTRIBUTES) VALUES ('person.title', 'person', 'title', 'Title', 'PICKLIST', 'individual');
INSERT INTO FIELD_DEFINITION (FIELD_DEFINITION_ID, ENTITY_TYPE, FIELD_NAME, DEFAULT_LABEL, FIELD_TYPE, ENTITY_ATTRIBUTES) VALUES ('person.firstName', 'person', 'firstName', 'First Name', 'TEXT', 'individual');
INSERT INTO FIELD_DEFINITION (FIELD_DEFINITION_ID, ENTITY_TYPE, FIELD_NAME, DEFAULT_LABEL, FIELD_TYPE, ENTITY_ATTRIBUTES) VALUES ('person.middleName', 'person', 'middleName', 'Middle Name', 'TEXT', 'individual');
INSERT INTO FIELD_DEFINITION (FIELD_DEFINITION_ID, ENTITY_TYPE, FIELD_NAME, DEFAULT_LABEL, FIELD_TYPE, ENTITY_ATTRIBUTES) VALUES ('person.lastName', 'person', 'lastName', 'Last Name', 'TEXT', 'individual');
INSERT INTO FIELD_DEFINITION (FIELD_DEFINITION_ID, ENTITY_TYPE, FIELD_NAME, DEFAULT_LABEL, FIELD_TYPE, ENTITY_ATTRIBUTES) VALUES ('person.suffix', 'person', 'suffix', 'Suffix', 'PICKLIST', 'individual');
INSERT INTO FIELD_DEFINITION (FIELD_DEFINITION_ID, ENTITY_TYPE, FIELD_NAME, DEFAULT_LABEL, FIELD_TYPE, ENTITY_ATTRIBUTES, SITE_NAME) VALUES ('person.recognitionName', 'person', 'recognitionName', 'Recognition Name', 'TEXT', 'individual', 'company1');
INSERT INTO FIELD_DEFINITION (FIELD_DEFINITION_ID, ENTITY_TYPE, FIELD_NAME, DEFAULT_LABEL, FIELD_TYPE, SITE_NAME) VALUES ('person.emailMap[home]', 'person', 'emailMap[home]', 'Email', 'TEXT', 'company1');
INSERT INTO FIELD_DEFINITION (FIELD_DEFINITION_ID, ENTITY_TYPE, FIELD_NAME, DEFAULT_LABEL, FIELD_TYPE) VALUES ('email.emailAddress', 'email', 'emailAddress', 'Email Address', 'TEXT');
INSERT INTO FIELD_DEFINITION (FIELD_DEFINITION_ID, ENTITY_TYPE, FIELD_NAME, DEFAULT_LABEL, FIELD_TYPE) VALUES ('email.userCreated', 'email', 'userCreated', ' ', 'HIDDEN');
INSERT INTO FIELD_DEFINITION (FIELD_DEFINITION_ID, ENTITY_TYPE, REFERENCE_TYPE, FIELD_NAME, DEFAULT_LABEL, FIELD_TYPE, ENTITY_ATTRIBUTES) VALUES ('person.customFieldMap[individual.spouse]', 'person', 'person', 'customFieldMap[individual.spouse]', 'Spouse', 'QUERY_LOOKUP', 'individual');
INSERT INTO FIELD_DEFINITION (FIELD_DEFINITION_ID, ENTITY_TYPE, REFERENCE_TYPE, FIELD_NAME, DEFAULT_LABEL, FIELD_TYPE, ENTITY_ATTRIBUTES) VALUES ('person.customFieldMap[individual.organizations]', 'person', 'person', 'customFieldMap[individual.organizations]', 'Employers', 'MULTI_QUERY_LOOKUP', 'individual');
INSERT INTO FIELD_DEFINITION (FIELD_DEFINITION_ID, ENTITY_TYPE, REFERENCE_TYPE, FIELD_NAME, DEFAULT_LABEL, FIELD_TYPE, ENTITY_ATTRIBUTES) VALUES ('person.customFieldMap[organization.employees]', 'person', 'person', 'customFieldMap[organization.employees]', 'Employee List', 'MULTI_QUERY_LOOKUP', 'organization');
INSERT INTO FIELD_DEFINITION (FIELD_DEFINITION_ID, ENTITY_TYPE, REFERENCE_TYPE, FIELD_NAME, DEFAULT_LABEL, FIELD_TYPE, ENTITY_ATTRIBUTES) VALUES ('person.customFieldMap[individual.headOfHousehold]', 'person', 'person', 'customFieldMap[individual.headOfHousehold]', 'Head of Household', 'QUERY_LOOKUP', 'individual,not.headOfHousehold');
INSERT INTO FIELD_DEFINITION (FIELD_DEFINITION_ID, ENTITY_TYPE, REFERENCE_TYPE, FIELD_NAME, DEFAULT_LABEL, FIELD_TYPE, ENTITY_ATTRIBUTES) VALUES ('person.customFieldMap[headOfHousehold.householdMembers]', 'person', 'person', 'customFieldMap[headOfHousehold.householdMembers]', 'Household Members', 'MULTI_QUERY_LOOKUP', 'headOfHousehold');
INSERT INTO FIELD_DEFINITION (FIELD_DEFINITION_ID, ENTITY_TYPE, REFERENCE_TYPE, FIELD_NAME, DEFAULT_LABEL, FIELD_TYPE, ENTITY_ATTRIBUTES) VALUES ('person.customFieldMap[individual.siblings]', 'person', 'person', 'customFieldMap[individual.siblings]', 'Siblings', 'MULTI_QUERY_LOOKUP', 'individual');

-- Section Fields
INSERT INTO SECTION_FIELD (SECTION_DEFINITION_ID, FIELD_DEFINITION_ID, FIELD_ORDER) VALUES (100, 'person.title', 1000);
INSERT INTO SECTION_FIELD (SECTION_DEFINITION_ID, FIELD_DEFINITION_ID, FIELD_ORDER) VALUES (100, 'person.firstName', 2000);
INSERT INTO SECTION_FIELD (SECTION_DEFINITION_ID, FIELD_DEFINITION_ID, FIELD_ORDER) VALUES (100, 'person.middleName', 3000);
INSERT INTO SECTION_FIELD (SECTION_DEFINITION_ID, FIELD_DEFINITION_ID, FIELD_ORDER) VALUES (100, 'person.lastName', 4000);
INSERT INTO SECTION_FIELD (SECTION_DEFINITION_ID, FIELD_DEFINITION_ID, FIELD_ORDER) VALUES (100, 'person.suffix', 5000);
INSERT INTO SECTION_FIELD (SECTION_DEFINITION_ID, FIELD_DEFINITION_ID, SECONDARY_FIELD_DEFINITION_ID, FIELD_ORDER, SITE_NAME) VALUES (100, 'person.emailMap[home]', 'email.emailAddress', 7000, 'company1');
INSERT INTO SECTION_FIELD (SECTION_DEFINITION_ID, FIELD_DEFINITION_ID, FIELD_ORDER, SITE_NAME) VALUES (200, 'person.recognitionName', 6000, 'company1');

-- Required Fields
INSERT INTO FIELD_REQUIRED (FIELD_REQUIRED_ID, SITE_NAME, SECTION_NAME, FIELD_DEFINITION_ID, SECONDARY_FIELD_DEFINITION_ID, REQUIRED) VALUES (100, null, 'person.contactInfo', 'person.firstName', null, 1);
INSERT INTO FIELD_REQUIRED (FIELD_REQUIRED_ID, SITE_NAME, SECTION_NAME, FIELD_DEFINITION_ID, SECONDARY_FIELD_DEFINITION_ID, REQUIRED) VALUES (200, null, 'person.contactInfo', 'person.lastName', null, 1);
INSERT INTO FIELD_REQUIRED (FIELD_REQUIRED_ID, SITE_NAME, SECTION_NAME, FIELD_DEFINITION_ID, SECONDARY_FIELD_DEFINITION_ID, REQUIRED) VALUES (300, 'company1', 'person.contactInfo', 'person.emailMap[home]', 'email.emailAddress', 1);

-- Field Validation
INSERT INTO FIELD_VALIDATION (VALIDATION_ID, SITE_NAME, SECTION_NAME, FIELD_DEFINITION_ID, SECONDARY_FIELD_DEFINITION_ID, VALIDATION_REGEX) VALUES (100, 'company1', 'person.contactInfo', 'person.emailMap[home]', 'email.emailAddress', 'extensions:isEmail');

-- Field Conditions
INSERT INTO FIELD_CONDITION (DEPENDENT_FIELD_DEFINITION_ID, DEPENDENT_VALUE, FIELD_REQUIRED_ID, VALIDATION_ID) VALUES ('person.firstName', 'Tom', 200, null);
INSERT INTO FIELD_CONDITION (DEPENDENT_FIELD_DEFINITION_ID, DEPENDENT_VALUE, FIELD_REQUIRED_ID, VALIDATION_ID) VALUES ('person.firstName', 'Jerry', 200, null);
INSERT INTO FIELD_CONDITION (DEPENDENT_FIELD_DEFINITION_ID, DEPENDENT_VALUE, FIELD_REQUIRED_ID, VALIDATION_ID) VALUES ('person.firstName', 'Wilma', 200, null);
INSERT INTO FIELD_CONDITION (DEPENDENT_FIELD_DEFINITION_ID, DEPENDENT_VALUE, FIELD_REQUIRED_ID, VALIDATION_ID) VALUES ('person.firstName', 'Betty', 200, null);
INSERT INTO FIELD_CONDITION (DEPENDENT_FIELD_DEFINITION_ID, DEPENDENT_SECONDARY_FIELD_DEFINITION_ID, DEPENDENT_VALUE, FIELD_REQUIRED_ID, VALIDATION_ID) VALUES ('person.emailMap[home]', 'email.userCreated', 'true', null, 100);

-- Field Relationships
INSERT INTO FIELD_RELATIONSHIP (RELATIONSHIP_TYPE, CHECK_RECURSION, MASTER_FIELD_DEFINITION_ID, DETAIL_FIELD_DEFINITION_ID, SITE_NAME) VALUES ('ONE_TO_ONE', FALSE, 'person.customFieldMap[individual.spouse]', 'person.customFieldMap[individual.spouse]', null);
INSERT INTO FIELD_RELATIONSHIP (RELATIONSHIP_TYPE, CHECK_RECURSION, MASTER_FIELD_DEFINITION_ID, DETAIL_FIELD_DEFINITION_ID, SITE_NAME) VALUES ('MANY_TO_MANY', FALSE, 'person.customFieldMap[organization.employees]', 'person.customFieldMap[individual.organizations]', null);
INSERT INTO FIELD_RELATIONSHIP (RELATIONSHIP_TYPE, CHECK_RECURSION, MASTER_FIELD_DEFINITION_ID, DETAIL_FIELD_DEFINITION_ID, SITE_NAME) VALUES ('ONE_TO_MANY', FALSE, 'person.customFieldMap[headOfHousehold.householdMembers]', 'person.customFieldMap[individual.headOfHousehold]', null);
INSERT INTO FIELD_RELATIONSHIP (RELATIONSHIP_TYPE, CHECK_RECURSION, MASTER_FIELD_DEFINITION_ID, DETAIL_FIELD_DEFINITION_ID, SITE_NAME) VALUES ('MANY_TO_MANY', FALSE, 'person.customFieldMap[individual.spouse]', 'person.customFieldMap[individual.siblings]', null);
INSERT INTO FIELD_RELATIONSHIP (RELATIONSHIP_TYPE, CHECK_RECURSION, MASTER_FIELD_DEFINITION_ID, DETAIL_FIELD_DEFINITION_ID, SITE_NAME) VALUES ('MANY_TO_MANY', FALSE, 'person.customFieldMap[individual.siblings]', 'person.customFieldMap[individual.siblings]', null);

-- Query Lookup & Parameters
INSERT INTO QUERY_LOOKUP (QUERY_LOOKUP_ID, SQL_QUERY, FIELD_DEFINITION_ID, SECTION_NAME, SITE_NAME) VALUES (100, 'SELECT person_id, organization_name, last_name, first_name, middle_name, suffix FROM PERSON WHERE site_name = :siteName AND constituent_type = ''individual'' AND title = ''Rev.''', 'person.customFieldMap[organization.employees]', 'person.contactInfo', 'company1');
INSERT INTO QUERY_LOOKUP_PARAM (PARAM_NAME, QUERY_LOOKUP_ID) VALUES ('lastName', 100);
INSERT INTO QUERY_LOOKUP_PARAM (PARAM_NAME, QUERY_LOOKUP_ID) VALUES ('firstName', 100);
INSERT INTO QUERY_LOOKUP_PARAM (PARAM_NAME, QUERY_LOOKUP_ID) VALUES ('middleName', 100);

-- Constituent
INSERT INTO PERSON (PERSON_ID, CONSTITUENT_TYPE, TITLE, FIRST_NAME, MIDDLE_NAME, LAST_NAME, SUFFIX, MARITAL_STATUS, ORGANIZATION_NAME, SITE_NAME, MAJOR_DONOR, LAPSED_DONOR, CREATE_DATE, UPDATE_DATE) VALUES (100, 'individual', 'Rev.', 'Billy', null, 'Graham', null, 'Married', 'Billy Graham Ministries', 'company1', false, false, CURRENT_TIMESTAMP, CURRENT_TIMESTAMP);
INSERT INTO PERSON (PERSON_ID, CONSTITUENT_TYPE, TITLE, FIRST_NAME, MIDDLE_NAME, LAST_NAME, SUFFIX, MARITAL_STATUS, ORGANIZATION_NAME, SITE_NAME, MAJOR_DONOR, LAPSED_DONOR, CREATE_DATE, UPDATE_DATE, LOGIN_ID) VALUES (200, 'individual', 'Mr.', 'Pablo', null, 'Picasso', 'Sr', 'Single', 'Painters, Inc.', 'company1', false, false, CURRENT_TIMESTAMP, CURRENT_TIMESTAMP, 'pablo@company1.com');
INSERT INTO PERSON (PERSON_ID, CONSTITUENT_TYPE, TITLE, FIRST_NAME, MIDDLE_NAME, LAST_NAME, SUFFIX, MARITAL_STATUS, ORGANIZATION_NAME, SITE_NAME, MAJOR_DONOR, LAPSED_DONOR, CREATE_DATE, UPDATE_DATE) VALUES (300, 'individual', 'Mr.', 'Howdy', null, 'Doody', null, 'Single', 'Howdy Doody Inc', 'company1', false, false, CURRENT_TIMESTAMP, CURRENT_TIMESTAMP);

-- Custom Fields
INSERT INTO CUSTOM_FIELD (CUSTOM_FIELD_ID, FIELD_NAME, FIELD_VALUE) VALUES (100, 'organization.parent', '100005');
INSERT INTO CUSTOM_FIELD (CUSTOM_FIELD_ID, FIELD_NAME, FIELD_VALUE) VALUES (200, 'organization.subsidiaryList', '100002,100003,100004');

-- Constituent Custom Fields
INSERT INTO PERSON_CUSTOM_FIELD (PERSON_CUSTOM_FIELD_ID, CUSTOM_FIELD_ID, PERSON_ID) VALUES (1000, 100, 100);
INSERT INTO PERSON_CUSTOM_FIELD (PERSON_CUSTOM_FIELD_ID, CUSTOM_FIELD_ID, PERSON_ID) VALUES (2000, 200, 100);
INSERT INTO PERSON_CUSTOM_FIELD (PERSON_CUSTOM_FIELD_ID, CUSTOM_FIELD_ID, PERSON_ID) VALUES (3000, 100, 300);

-- CodeType
INSERT INTO CODE_TYPE (ID, NAME, LABEL, SITE_NAME) VALUES (1, 'projectCode','Designation Code', 'company1');
INSERT INTO CODE_TYPE (ID, NAME, LABEL, SITE_NAME) VALUES (2, 'motivationCode','Motivation Code', 'company1');
INSERT INTO CODE_TYPE (ID, NAME, LABEL, SITE_NAME) VALUES (4, 'currencyCode', 'Currency Code', 'company1');

-- Code
INSERT INTO CODE SET CODE_VALUE='001000',CODE_DESCRIPTION='General Fund - President',CODE_TYPE_ID='1';
INSERT INTO CODE SET CODE_VALUE='001100',CODE_DESCRIPTION='Prayer Newsletter',CODE_TYPE_ID='1';
INSERT INTO CODE SET CODE_VALUE='0201',CODE_DESCRIPTION='Conversion',CODE_TYPE_ID='2';
UPDATE CODE SET INACTIVE=false;
INSERT INTO CODE SET CODE_VALUE='AV010402',CODE_DESCRIPTION='CityLight $100',CODE_TYPE_ID='2';
INSERT INTO CODE (CODE_TYPE_ID, CODE_VALUE, CODE_DESCRIPTION, INACTIVE) VALUES ('4', 'USD', 'United States of America, Dollars', false);
INSERT INTO CODE (CODE_TYPE_ID, CODE_VALUE, CODE_DESCRIPTION, INACTIVE) VALUES ('4', 'AED', 'United Arab Emirates, Dirhams', true);

-- Message Resource
INSERT INTO MESSAGE_RESOURCE (LANGUAGE_ABBREVIATION, MESSAGE_KEY, MESSAGE_RESOURCE_TYPE, MESSAGE_VALUE, SITE_NAME) values ('en_US', 'fieldRequiredFailure.gift.amount', 'FIELD_VALIDATION', 'Amount is required', null);
INSERT INTO MESSAGE_RESOURCE (LANGUAGE_ABBREVIATION, MESSAGE_KEY, MESSAGE_RESOURCE_TYPE, MESSAGE_VALUE, SITE_NAME) values ('en_US', 'fieldValidationFailure.gift.amount', 'FIELD_VALIDATION', 'Amount is incorrect', null);
INSERT INTO MESSAGE_RESOURCE (LANGUAGE_ABBREVIATION, MESSAGE_KEY, MESSAGE_RESOURCE_TYPE, MESSAGE_VALUE, SITE_NAME) values ('en_US', 'fieldRequiredFailure.gift.amount', 'FIELD_VALIDATION', 'Amount is required for COMPANY1', "company1");

-- Address
INSERT INTO ADDRESS (ADDRESS_ID, ADDRESS_TYPE, ADDRESS_LINE_1, CITY, STATE_PROVINCE, COUNTRY, POSTAL_CODE, CREATE_DATE, UPDATE_DATE, PERSON_ID, INACTIVE, RECEIVE_CORRESPONDENCE, ACTIVATION_STATUS) VALUES (100, 'home', '3726 THIRD ST', 'Dallas', 'TX', 'US', 75554, CURRENT_TIMESTAMP, CURRENT_TIMESTAMP, 100, false, false, 'permanent');
INSERT INTO ADDRESS (ADDRESS_ID, ADDRESS_TYPE, ADDRESS_LINE_1, CITY, STATE_PROVINCE, COUNTRY, POSTAL_CODE, CREATE_DATE, UPDATE_DATE, PERSON_ID, INACTIVE, RECEIVE_CORRESPONDENCE, ACTIVATION_STATUS) VALUES (200, 'home', '406 FAIR OAK DR', 'Dallas', 'TX', 'US', 75479, CURRENT_TIMESTAMP, CURRENT_TIMESTAMP, 100, false, true, 'temporary');
INSERT INTO ADDRESS (ADDRESS_ID, ADDRESS_TYPE, ADDRESS_LINE_1, CITY, STATE_PROVINCE, COUNTRY, POSTAL_CODE, CREATE_DATE, UPDATE_DATE, PERSON_ID, INACTIVE, RECEIVE_CORRESPONDENCE, ACTIVATION_STATUS) VALUES (300, 'home', '3709 ASPEN BLVD', 'Dallas', 'TX', 'US', 75238, CURRENT_TIMESTAMP, CURRENT_TIMESTAMP, 100, true, false, 'seasonal');
INSERT INTO ADDRESS (ADDRESS_ID, ADDRESS_TYPE, ADDRESS_LINE_1, CITY, STATE_PROVINCE, COUNTRY, POSTAL_CODE, CREATE_DATE, UPDATE_DATE, PERSON_ID, INACTIVE, RECEIVE_CORRESPONDENCE, ACTIVATION_STATUS) VALUES (400, 'home', '5908 ELM RD', 'Dallas', 'TX', 'US', 75347, CURRENT_TIMESTAMP, CURRENT_TIMESTAMP, 100, true, false, 'permanent');
INSERT INTO ADDRESS (ADDRESS_ID, ADDRESS_TYPE, ADDRESS_LINE_1, CITY, STATE_PROVINCE, COUNTRY, POSTAL_CODE, CREATE_DATE, UPDATE_DATE, PERSON_ID, INACTIVE, RECEIVE_CORRESPONDENCE, ACTIVATION_STATUS) VALUES (500, 'home', '8457 ACORN', 'Dallas', 'TX', 'US', 75149, CURRENT_TIMESTAMP, CURRENT_TIMESTAMP, 200, false, false, 'seasonal');
INSERT INTO ADDRESS (ADDRESS_ID, ADDRESS_TYPE, ADDRESS_LINE_1, CITY, STATE_PROVINCE, COUNTRY, POSTAL_CODE, CREATE_DATE, UPDATE_DATE, PERSON_ID, INACTIVE, RECEIVE_CORRESPONDENCE, ACTIVATION_STATUS) VALUES (600, 'home', '3980 LOVERS LN', 'Dallas', 'TX', 'US', 75424, CURRENT_TIMESTAMP, CURRENT_TIMESTAMP, 200, false, false, 'temporary');
INSERT INTO ADDRESS (ADDRESS_ID, ADDRESS_TYPE, ADDRESS_LINE_1, CITY, STATE_PROVINCE, COUNTRY, POSTAL_CODE, CREATE_DATE, UPDATE_DATE, PERSON_ID, INACTIVE, RECEIVE_CORRESPONDENCE, ACTIVATION_STATUS) VALUES (700, 'home', '784 MOCKINGBIRD', 'Dallas', 'TX', 'US', 75738, CURRENT_TIMESTAMP, CURRENT_TIMESTAMP, 200, false, false, 'temporary');

-- Phone
INSERT INTO PHONE (PHONE_ID, NUMBER, PHONE_TYPE, CREATE_DATE, UPDATE_DATE, PERSON_ID, RECEIVE_CORRESPONDENCE, ACTIVATION_STATUS, INACTIVE) VALUES (100, '214-443-6829', 'home', CURRENT_TIMESTAMP, CURRENT_TIMESTAMP, 100, false, 'permanent', false);
INSERT INTO PHONE (PHONE_ID, NUMBER, PHONE_TYPE, CREATE_DATE, UPDATE_DATE, PERSON_ID, RECEIVE_CORRESPONDENCE, ACTIVATION_STATUS, INACTIVE) VALUES (200, '214-105-6590', 'home', CURRENT_TIMESTAMP, CURRENT_TIMESTAMP, 100, false, 'permanent', false);
INSERT INTO PHONE (PHONE_ID, NUMBER, PHONE_TYPE, CREATE_DATE, UPDATE_DATE, PERSON_ID, RECEIVE_CORRESPONDENCE, ACTIVATION_STATUS, INACTIVE) VALUES (300, '214-911-6681', 'work', CURRENT_TIMESTAMP, CURRENT_TIMESTAMP, 100, false, 'permanent', false);
INSERT INTO PHONE (PHONE_ID, NUMBER, PHONE_TYPE, CREATE_DATE, UPDATE_DATE, PERSON_ID, RECEIVE_CORRESPONDENCE, ACTIVATION_STATUS, INACTIVE) VALUES (400, '214-129-9781', 'work', CURRENT_TIMESTAMP, CURRENT_TIMESTAMP, 100, false, 'permanent', false);
INSERT INTO PHONE (PHONE_ID, NUMBER, PHONE_TYPE, CREATE_DATE, UPDATE_DATE, PERSON_ID, RECEIVE_CORRESPONDENCE, ACTIVATION_STATUS, INACTIVE) VALUES (500, '214-548-0929', 'mobile', CURRENT_TIMESTAMP, CURRENT_TIMESTAMP, 100, false, 'permanent', false);
INSERT INTO PHONE (PHONE_ID, NUMBER, PHONE_TYPE, CREATE_DATE, UPDATE_DATE, PERSON_ID, RECEIVE_CORRESPONDENCE, ACTIVATION_STATUS, INACTIVE) VALUES (600, '214-878-1663', 'mobile', CURRENT_TIMESTAMP, CURRENT_TIMESTAMP, 100, false, 'permanent', false);
INSERT INTO PHONE (PHONE_ID, NUMBER, PHONE_TYPE, CREATE_DATE, UPDATE_DATE, PERSON_ID, RECEIVE_CORRESPONDENCE, ACTIVATION_STATUS, INACTIVE) VALUES (700, '214-113-2542', 'home', CURRENT_TIMESTAMP, CURRENT_TIMESTAMP, 200, false, 'permanent', false);
INSERT INTO PHONE (PHONE_ID, NUMBER, PHONE_TYPE, CREATE_DATE, UPDATE_DATE, PERSON_ID, RECEIVE_CORRESPONDENCE, ACTIVATION_STATUS, INACTIVE) VALUES (800, '214-642-3253', 'work', CURRENT_TIMESTAMP, CURRENT_TIMESTAMP, 200, false, 'permanent', true);
INSERT INTO PHONE (PHONE_ID, NUMBER, PHONE_TYPE, CREATE_DATE, UPDATE_DATE, PERSON_ID, RECEIVE_CORRESPONDENCE, ACTIVATION_STATUS, INACTIVE) VALUES (900, '214-918-9851', 'mobile', CURRENT_TIMESTAMP, CURRENT_TIMESTAMP, 300, false, 'permanent', false);

-- Email
INSERT INTO EMAIL (EMAIL_ID, EMAIL_ADDRESS, EMAIL_TYPE, CREATE_DATE, UPDATE_DATE, PERSON_ID, RECEIVE_CORRESPONDENCE, ACTIVATION_STATUS, INACTIVE) VALUES (100, 'hobo@gmail.com', 'home', CURRENT_TIMESTAMP, CURRENT_TIMESTAMP, 100, false, 'permanent', false);
INSERT INTO EMAIL (EMAIL_ID, EMAIL_ADDRESS, EMAIL_TYPE, CREATE_DATE, UPDATE_DATE, PERSON_ID, RECEIVE_CORRESPONDENCE, ACTIVATION_STATUS, INACTIVE) VALUES (200, 'samsam@yahoo.com', 'work', CURRENT_TIMESTAMP, CURRENT_TIMESTAMP, 100, false, 'permanent', false);
INSERT INTO EMAIL (EMAIL_ID, EMAIL_ADDRESS, EMAIL_TYPE, CREATE_DATE, UPDATE_DATE, PERSON_ID, RECEIVE_CORRESPONDENCE, ACTIVATION_STATUS, INACTIVE) VALUES (300, 'brown@aol.com', 'other', CURRENT_TIMESTAMP, CURRENT_TIMESTAMP, 100, false, 'permanent', true);
INSERT INTO EMAIL (EMAIL_ID, EMAIL_ADDRESS, EMAIL_TYPE, CREATE_DATE, UPDATE_DATE, PERSON_ID, RECEIVE_CORRESPONDENCE, ACTIVATION_STATUS, INACTIVE) VALUES (400, 'hookem@utexas.edu', 'home', CURRENT_TIMESTAMP, CURRENT_TIMESTAMP, 300, false, 'permanent', false);
INSERT INTO EMAIL (EMAIL_ID, EMAIL_ADDRESS, EMAIL_TYPE, CREATE_DATE, UPDATE_DATE, PERSON_ID, RECEIVE_CORRESPONDENCE, ACTIVATION_STATUS, INACTIVE) VALUES (500, 'dude@dude.com', 'home', CURRENT_TIMESTAMP, CURRENT_TIMESTAMP, 300, false, 'permanent', false);

