-- add messages for required field (required field not entered) and bad field (entered value doesn't pass validation)
INSERT INTO MESSAGE_RESOURCE (MESSAGE_RESOURCE_ID, LANGUAGE_ABBREVIATION, MESSAGE_KEY, MESSAGE_RESOURCE_TYPE, MESSAGE_VALUE) values (1000001, 'en_US', 'fieldRequiredFailure', 'FIELD_VALIDATION', '{0} is required');
INSERT INTO MESSAGE_RESOURCE (LANGUAGE_ABBREVIATION, MESSAGE_KEY, MESSAGE_RESOURCE_TYPE, MESSAGE_VALUE) values ('en_US', 'fieldValidationFailure', 'FIELD_VALIDATION', '{0} value is incorrect');

INSERT INTO MESSAGE_RESOURCE (LANGUAGE_ABBREVIATION, MESSAGE_KEY, MESSAGE_RESOURCE_TYPE, MESSAGE_VALUE) values ('en_US', 'referenceFieldDateOverlap', 'FIELD_VALIDATION', 'Date ranges on referenced item overlap for {0}.');
INSERT INTO MESSAGE_RESOURCE (LANGUAGE_ABBREVIATION, MESSAGE_KEY, MESSAGE_RESOURCE_TYPE, MESSAGE_VALUE) values ('en_US', 'fieldDateOverlap', 'FIELD_VALIDATION', 'Date ranges cannot overlap for single-valued field {0}.');
INSERT INTO MESSAGE_RESOURCE (LANGUAGE_ABBREVIATION, MESSAGE_KEY, MESSAGE_RESOURCE_TYPE, MESSAGE_VALUE) values ('en_US', 'fieldSelfReference', 'FIELD_VALIDATION', 'Value for {0} cannot reference itself.');
INSERT INTO MESSAGE_RESOURCE (LANGUAGE_ABBREVIATION, MESSAGE_KEY, MESSAGE_RESOURCE_TYPE, MESSAGE_VALUE) values ('en_US', 'childReferenceError', 'FIELD_VALIDATION', 'A value in list field {0} cannot reference a higher level item.');
INSERT INTO MESSAGE_RESOURCE (LANGUAGE_ABBREVIATION, MESSAGE_KEY, MESSAGE_RESOURCE_TYPE, MESSAGE_VALUE) values ('en_US', 'parentReferenceError', 'FIELD_VALIDATION', 'Value for field {0} cannot reference a lower level item.');
INSERT INTO MESSAGE_RESOURCE (LANGUAGE_ABBREVIATION, MESSAGE_KEY, MESSAGE_RESOURCE_TYPE, MESSAGE_VALUE) values ('en_US', 'relationshipTooManyLevels', 'FIELD_VALIDATION', 'Relationship tree for {0} exceeds maximum number of levels.');

INSERT INTO MESSAGE_RESOURCE (LANGUAGE_ABBREVIATION, MESSAGE_KEY, MESSAGE_RESOURCE_TYPE, MESSAGE_VALUE) values ('en_US', 'invalidMinGiftMatch', 'FIELD_VALIDATION', 'The Minimum Gift Match must be a valid amount');
INSERT INTO MESSAGE_RESOURCE (LANGUAGE_ABBREVIATION, MESSAGE_KEY, MESSAGE_RESOURCE_TYPE, MESSAGE_VALUE) values ('en_US', 'invalidMaxGiftMatch', 'FIELD_VALIDATION', 'The Maximum Gift Match must be a valid amount');
INSERT INTO MESSAGE_RESOURCE (LANGUAGE_ABBREVIATION, MESSAGE_KEY, MESSAGE_RESOURCE_TYPE, MESSAGE_VALUE) values ('en_US', 'invalidMinMaxGiftMatch', 'FIELD_VALIDATION', 'The Maximum Gift Match amount must be greater than or equal to the Minimum Gift Match amount');
INSERT INTO MESSAGE_RESOURCE (LANGUAGE_ABBREVIATION, MESSAGE_KEY, MESSAGE_RESOURCE_TYPE, MESSAGE_VALUE) values ('en_US', 'duplicateDonor', 'FIELD_VALIDATION', 'Duplicate Donor Detected.');


INSERT INTO FIELD_REQUIRED (FIELD_REQUIRED_ID, SITE_NAME, SECTION_NAME, FIELD_DEFINITION_ID, SECONDARY_FIELD_DEFINITION_ID, REQUIRED) VALUES (1000001, null, 'constituent.contactInfo', 'constituent.constituentType', null, TRUE);
INSERT INTO FIELD_REQUIRED (FIELD_REQUIRED_ID, SITE_NAME, SECTION_NAME, FIELD_DEFINITION_ID, SECONDARY_FIELD_DEFINITION_ID, REQUIRED) VALUES (1000148, null, 'constituent.contactInfo', 'constituent.firstName', null, TRUE);
INSERT INTO FIELD_CONDITION (CONDITION_ID, DEPENDENT_FIELD_DEFINITION_ID, DEPENDENT_VALUE, FIELD_REQUIRED_ID, VALIDATION_ID) VALUES (1000200, 'constituent.constituentType', 'individual', 1000148, null);
INSERT INTO FIELD_REQUIRED (FIELD_REQUIRED_ID, SITE_NAME, SECTION_NAME, FIELD_DEFINITION_ID, SECONDARY_FIELD_DEFINITION_ID, REQUIRED) VALUES (1000149, null, 'constituent.contactInfo', 'constituent.lastName', null, TRUE);
INSERT INTO FIELD_CONDITION (CONDITION_ID, DEPENDENT_FIELD_DEFINITION_ID, DEPENDENT_VALUE, FIELD_REQUIRED_ID, VALIDATION_ID) VALUES (1000201, 'constituent.constituentType', 'individual', 1000149, null);

INSERT INTO FIELD_REQUIRED (FIELD_REQUIRED_ID, SITE_NAME, SECTION_NAME, FIELD_DEFINITION_ID, SECONDARY_FIELD_DEFINITION_ID, REQUIRED) VALUES (1000300, null, 'constituent.contactInfo', 'constituent.organizationName', null, TRUE);
INSERT INTO FIELD_CONDITION (CONDITION_ID, DEPENDENT_FIELD_DEFINITION_ID, DEPENDENT_VALUE, FIELD_REQUIRED_ID, VALIDATION_ID) VALUES (1000202, 'constituent.constituentType', 'organization', 1000300, null);

INSERT INTO FIELD_REQUIRED (FIELD_REQUIRED_ID, SITE_NAME, SECTION_NAME, FIELD_DEFINITION_ID, SECONDARY_FIELD_DEFINITION_ID, REQUIRED) VALUES (1000301, null, 'constituent.matching', 'constituent.customFieldMap[organization.matching]', null, TRUE);

-- Add email syntax validation 
INSERT INTO FIELD_VALIDATION (VALIDATION_ID, SITE_NAME, SECTION_NAME, FIELD_DEFINITION_ID, SECONDARY_FIELD_DEFINITION_ID, VALIDATION_REGEX) VALUES (1001000, null, 'constituent.contactInfo', 'constituent.primaryEmail.emailAddress', 'email.emailAddress', 'extensions:isEmail');
INSERT INTO FIELD_VALIDATION (SECTION_NAME, FIELD_DEFINITION_ID, VALIDATION_REGEX) VALUES ('email.info', 'email.emailAddress', 'extensions:isEmail');
INSERT INTO FIELD_VALIDATION (SECTION_NAME, FIELD_DEFINITION_ID, VALIDATION_REGEX) VALUES ('email.edit', 'email.emailAddress', 'extensions:isEmail');

-- Add credit card number validation 
-- A test credit card number is Visa 4111111111111111
INSERT INTO FIELD_VALIDATION (VALIDATION_ID, SITE_NAME, SECTION_NAME, FIELD_DEFINITION_ID, SECONDARY_FIELD_DEFINITION_ID, VALIDATION_REGEX) VALUES (1002000, null, 'gift.creditCard', 'gift.paymentSource.creditCardNumber', 'paymentSource.creditCardNumber', 'extensions:isCreditCard');
INSERT INTO FIELD_CONDITION (CONDITION_ID, DEPENDENT_FIELD_DEFINITION_ID, DEPENDENT_VALUE, VALIDATION_ID) VALUES (1000001, 'gift.paymentType', 'Credit Card', 1002000);
INSERT INTO FIELD_CONDITION (CONDITION_ID, DEPENDENT_FIELD_DEFINITION_ID, DEPENDENT_SECONDARY_FIELD_DEFINITION_ID, DEPENDENT_VALUE, VALIDATION_ID) VALUES (10000204, 'gift.paymentSource.creditCardNumber', 'paymentSource.id', '0', 1002000);
INSERT INTO FIELD_VALIDATION (VALIDATION_ID, SITE_NAME, SECTION_NAME, FIELD_DEFINITION_ID, SECONDARY_FIELD_DEFINITION_ID, VALIDATION_REGEX) VALUES (1003000, null, 'recurringGift.creditCard', 'recurringGift.paymentSource.creditCardNumber', 'paymentSource.creditCardNumber', 'extensions:isCreditCard');
INSERT INTO FIELD_CONDITION (CONDITION_ID, DEPENDENT_FIELD_DEFINITION_ID, DEPENDENT_VALUE, VALIDATION_ID) VALUES (1000002, 'recurringGift.paymentType', 'Credit Card', 1003000);
INSERT INTO FIELD_CONDITION (CONDITION_ID, DEPENDENT_FIELD_DEFINITION_ID, DEPENDENT_SECONDARY_FIELD_DEFINITION_ID, DEPENDENT_VALUE, VALIDATION_ID) VALUES (1000220, 'recurringGift.paymentSource.creditCardNumber', 'paymentSource.id', '0', 1003000);
INSERT INTO FIELD_VALIDATION (VALIDATION_ID, SITE_NAME, SECTION_NAME, FIELD_DEFINITION_ID, SECONDARY_FIELD_DEFINITION_ID, VALIDATION_REGEX) VALUES (1004000, null, 'paymentSource.creditCard', 'paymentSource.creditCardNumber', null, 'extensions:isCreditCard');
INSERT INTO FIELD_CONDITION (CONDITION_ID, DEPENDENT_FIELD_DEFINITION_ID, DEPENDENT_VALUE, VALIDATION_ID) VALUES (1000003, 'paymentSource.paymentType', 'Credit Card', 1004000);

-- Gift Value messages
INSERT INTO MESSAGE_RESOURCE (LANGUAGE_ABBREVIATION, MESSAGE_KEY, MESSAGE_RESOURCE_TYPE, MESSAGE_VALUE, SITE_NAME) values ('en_US', 'fieldRequiredFailure.gift.amount', 'FIELD_VALIDATION', 'Amount is required', null);
INSERT INTO MESSAGE_RESOURCE (LANGUAGE_ABBREVIATION, MESSAGE_KEY, MESSAGE_RESOURCE_TYPE, MESSAGE_VALUE, SITE_NAME) values ('en_US', 'fieldValidationFailure.gift.amount', 'FIELD_VALIDATION', 'Amount is incorrect', null);

-- Gift value required
INSERT INTO FIELD_REQUIRED (FIELD_REQUIRED_ID, SITE_NAME, SECTION_NAME, FIELD_DEFINITION_ID, SECONDARY_FIELD_DEFINITION_ID, REQUIRED) VALUES (1000002, null, 'gift.donation', 'gift.amount', null, TRUE);
INSERT INTO FIELD_REQUIRED (FIELD_REQUIRED_ID, SITE_NAME, SECTION_NAME, FIELD_DEFINITION_ID, REQUIRED) VALUES (1000157, null, 'gift.donation', 'gift.giftStatus', TRUE);

INSERT INTO FIELD_REQUIRED (FIELD_REQUIRED_ID, SECTION_NAME, FIELD_DEFINITION_ID, REQUIRED) VALUES (10000017, 'gift.donation', 'gift.posted', TRUE);
INSERT INTO FIELD_REQUIRED (FIELD_REQUIRED_ID, SECTION_NAME, FIELD_DEFINITION_ID, REQUIRED) VALUES (10000019, 'gift.donation', 'gift.postedDate', TRUE);
INSERT INTO FIELD_CONDITION (CONDITION_ID, DEPENDENT_FIELD_DEFINITION_ID, DEPENDENT_VALUE, FIELD_REQUIRED_ID) VALUES (10000019, 'gift.posted', 'true', 10000019);


-- Gift credit card info required
INSERT INTO FIELD_REQUIRED (FIELD_REQUIRED_ID, SITE_NAME, SECTION_NAME, FIELD_DEFINITION_ID, SECONDARY_FIELD_DEFINITION_ID, REQUIRED) VALUES (1000004, null, 'gift.creditCard', 'gift.paymentSource.creditCardHolderName', 'paymentSource.creditCardHolderName', TRUE);
INSERT INTO FIELD_REQUIRED (FIELD_REQUIRED_ID, SITE_NAME, SECTION_NAME, FIELD_DEFINITION_ID, SECONDARY_FIELD_DEFINITION_ID, REQUIRED) VALUES (1000005, null, 'gift.creditCard', 'gift.paymentSource.creditCardType', 'paymentSource.creditCardType', TRUE);
INSERT INTO FIELD_REQUIRED (FIELD_REQUIRED_ID, SITE_NAME, SECTION_NAME, FIELD_DEFINITION_ID, SECONDARY_FIELD_DEFINITION_ID, REQUIRED) VALUES (1000006, null, 'gift.creditCard', 'gift.paymentSource.creditCardNumber', 'paymentSource.creditCardNumber', TRUE);
INSERT INTO FIELD_REQUIRED (FIELD_REQUIRED_ID, SITE_NAME, SECTION_NAME, FIELD_DEFINITION_ID, SECONDARY_FIELD_DEFINITION_ID, REQUIRED) VALUES (1000007, null, 'gift.creditCard', 'gift.paymentSource.creditCardExpiration', 'paymentSource.creditCardExpiration', TRUE);
INSERT INTO FIELD_CONDITION (CONDITION_ID, DEPENDENT_FIELD_DEFINITION_ID, DEPENDENT_VALUE, FIELD_REQUIRED_ID, VALIDATION_ID) VALUES (10000210, 'gift.paymentType', 'Credit Card', 1000004, null);
INSERT INTO FIELD_CONDITION (CONDITION_ID, DEPENDENT_FIELD_DEFINITION_ID, DEPENDENT_SECONDARY_FIELD_DEFINITION_ID, DEPENDENT_VALUE, FIELD_REQUIRED_ID, VALIDATION_ID) VALUES (10000211, 'gift.paymentSource.creditCardHolderName', 'paymentSource.id', '0', 1000004, null);
INSERT INTO FIELD_CONDITION (CONDITION_ID, DEPENDENT_FIELD_DEFINITION_ID, DEPENDENT_VALUE, FIELD_REQUIRED_ID, VALIDATION_ID) VALUES (10000212, 'gift.paymentType', 'Credit Card', 1000005, null);
INSERT INTO FIELD_CONDITION (CONDITION_ID, DEPENDENT_FIELD_DEFINITION_ID, DEPENDENT_SECONDARY_FIELD_DEFINITION_ID, DEPENDENT_VALUE, FIELD_REQUIRED_ID, VALIDATION_ID) VALUES (10000213, 'gift.paymentSource.creditCardType', 'paymentSource.id', '0', 1000005, null);
INSERT INTO FIELD_CONDITION (CONDITION_ID, DEPENDENT_FIELD_DEFINITION_ID, DEPENDENT_VALUE, FIELD_REQUIRED_ID, VALIDATION_ID) VALUES (10000214, 'gift.paymentType', 'Credit Card', 1000006, null);
INSERT INTO FIELD_CONDITION (CONDITION_ID, DEPENDENT_FIELD_DEFINITION_ID, DEPENDENT_SECONDARY_FIELD_DEFINITION_ID, DEPENDENT_VALUE, FIELD_REQUIRED_ID, VALIDATION_ID) VALUES (10000215, 'gift.paymentSource.creditCardNumber', 'paymentSource.id', '0', 1000006, null);
INSERT INTO FIELD_CONDITION (CONDITION_ID, DEPENDENT_FIELD_DEFINITION_ID, DEPENDENT_VALUE, FIELD_REQUIRED_ID, VALIDATION_ID) VALUES (10000216, 'gift.paymentType', 'Credit Card', 1000007, null);
INSERT INTO FIELD_CONDITION (CONDITION_ID, DEPENDENT_FIELD_DEFINITION_ID, DEPENDENT_SECONDARY_FIELD_DEFINITION_ID, DEPENDENT_VALUE, FIELD_REQUIRED_ID, VALIDATION_ID) VALUES (10000217, 'gift.paymentSource.creditCardExpiration', 'paymentSource.id', '0', 1000007, null);

-- Gift ach info required
INSERT INTO FIELD_REQUIRED (FIELD_REQUIRED_ID, SITE_NAME, SECTION_NAME, FIELD_DEFINITION_ID, SECONDARY_FIELD_DEFINITION_ID, REQUIRED) VALUES (1000008, null, 'gift.ach', 'gift.paymentSource.achHolderName', 'paymentSource.achHolderName', TRUE);
INSERT INTO FIELD_REQUIRED (FIELD_REQUIRED_ID, SITE_NAME, SECTION_NAME, FIELD_DEFINITION_ID, SECONDARY_FIELD_DEFINITION_ID, REQUIRED) VALUES (1000009, null, 'gift.ach', 'gift.paymentSource.achRoutingNumber', 'paymentSource.achRoutingNumber', TRUE);
INSERT INTO FIELD_REQUIRED (FIELD_REQUIRED_ID, SITE_NAME, SECTION_NAME, FIELD_DEFINITION_ID, SECONDARY_FIELD_DEFINITION_ID, REQUIRED) VALUES (1000010, null, 'gift.ach', 'gift.paymentSource.achAccountNumber', 'paymentSource.achAccountNumber', TRUE);
INSERT INTO FIELD_CONDITION (CONDITION_ID, DEPENDENT_FIELD_DEFINITION_ID, DEPENDENT_VALUE, FIELD_REQUIRED_ID, VALIDATION_ID) VALUES (1000005, 'gift.paymentType', 'ACH', 1000008, null);
INSERT INTO FIELD_CONDITION (CONDITION_ID, DEPENDENT_FIELD_DEFINITION_ID, DEPENDENT_SECONDARY_FIELD_DEFINITION_ID, DEPENDENT_VALUE, FIELD_REQUIRED_ID, VALIDATION_ID) VALUES (1000006, 'gift.paymentSource.achHolderName', 'paymentSource.id', '0', 1000008, null);
INSERT INTO FIELD_CONDITION (CONDITION_ID, DEPENDENT_FIELD_DEFINITION_ID, DEPENDENT_VALUE, FIELD_REQUIRED_ID, VALIDATION_ID) VALUES (1000007, 'gift.paymentType', 'ACH', 1000009, null);
INSERT INTO FIELD_CONDITION (CONDITION_ID, DEPENDENT_FIELD_DEFINITION_ID, DEPENDENT_SECONDARY_FIELD_DEFINITION_ID, DEPENDENT_VALUE, FIELD_REQUIRED_ID, VALIDATION_ID) VALUES (1000008, 'gift.paymentSource.achRoutingNumber', 'paymentSource.id', '0', 1000009, null);
INSERT INTO FIELD_CONDITION (CONDITION_ID, DEPENDENT_FIELD_DEFINITION_ID, DEPENDENT_VALUE, FIELD_REQUIRED_ID, VALIDATION_ID) VALUES (1000009, 'gift.paymentType', 'ACH', 1000010, null);
INSERT INTO FIELD_CONDITION (CONDITION_ID, DEPENDENT_FIELD_DEFINITION_ID, DEPENDENT_SECONDARY_FIELD_DEFINITION_ID, DEPENDENT_VALUE, FIELD_REQUIRED_ID, VALIDATION_ID) VALUES (1000010, 'gift.paymentSource.achAccountNumber', 'paymentSource.id', '0',1000010, null);

INSERT INTO FIELD_REQUIRED (FIELD_REQUIRED_ID, SITE_NAME, SECTION_NAME, FIELD_DEFINITION_ID, SECONDARY_FIELD_DEFINITION_ID, REQUIRED) VALUES (10000020, null, 'gift.payment', 'gift.address.customFieldMap[addressType]', 'address.customFieldMap[addressType]', TRUE);
INSERT INTO FIELD_REQUIRED (FIELD_REQUIRED_ID, SITE_NAME, SECTION_NAME, FIELD_DEFINITION_ID, SECONDARY_FIELD_DEFINITION_ID, REQUIRED) VALUES (10000011, null, 'gift.payment', 'gift.address.addressLine1', 'address.addressLine1', TRUE);
INSERT INTO FIELD_REQUIRED (FIELD_REQUIRED_ID, SITE_NAME, SECTION_NAME, FIELD_DEFINITION_ID, SECONDARY_FIELD_DEFINITION_ID, REQUIRED) VALUES (10000012, null, 'gift.payment', 'gift.address.city', 'address.city', TRUE);
INSERT INTO FIELD_REQUIRED (FIELD_REQUIRED_ID, SITE_NAME, SECTION_NAME, FIELD_DEFINITION_ID, SECONDARY_FIELD_DEFINITION_ID, REQUIRED) VALUES (10000013, null, 'gift.payment', 'gift.address.stateProvince', 'address.stateProvince', TRUE);
INSERT INTO FIELD_REQUIRED (FIELD_REQUIRED_ID, SITE_NAME, SECTION_NAME, FIELD_DEFINITION_ID, SECONDARY_FIELD_DEFINITION_ID, REQUIRED) VALUES (10000014, null, 'gift.payment', 'gift.address.postalCode', 'address.postalCode', TRUE);
INSERT INTO FIELD_REQUIRED (FIELD_REQUIRED_ID, SITE_NAME, SECTION_NAME, FIELD_DEFINITION_ID, SECONDARY_FIELD_DEFINITION_ID, REQUIRED) VALUES (10000015, null, 'gift.payment', 'gift.address.country', 'address.country', TRUE);
INSERT INTO FIELD_CONDITION (CONDITION_ID, DEPENDENT_FIELD_DEFINITION_ID, DEPENDENT_SECONDARY_FIELD_DEFINITION_ID, DEPENDENT_VALUE, FIELD_REQUIRED_ID, VALIDATION_ID) VALUES (10000020, 'gift.address.customFieldMap[addressType]', 'address.id', '0', 10000020, null);
INSERT INTO FIELD_CONDITION (CONDITION_ID, DEPENDENT_FIELD_DEFINITION_ID, DEPENDENT_SECONDARY_FIELD_DEFINITION_ID, DEPENDENT_VALUE, FIELD_REQUIRED_ID, VALIDATION_ID) VALUES (1000011, 'gift.address.addressLine1', 'address.id', '0', 10000011, null);
INSERT INTO FIELD_CONDITION (CONDITION_ID, DEPENDENT_FIELD_DEFINITION_ID, DEPENDENT_SECONDARY_FIELD_DEFINITION_ID, DEPENDENT_VALUE, FIELD_REQUIRED_ID, VALIDATION_ID) VALUES (1000012, 'gift.address.city', 'address.id', '0', 10000012, null);
INSERT INTO FIELD_CONDITION (CONDITION_ID, DEPENDENT_FIELD_DEFINITION_ID, DEPENDENT_SECONDARY_FIELD_DEFINITION_ID, DEPENDENT_VALUE, FIELD_REQUIRED_ID, VALIDATION_ID) VALUES (1000013, 'gift.address.country', 'address.country', 'US|CA', 10000013, null);
INSERT INTO FIELD_CONDITION (CONDITION_ID, DEPENDENT_FIELD_DEFINITION_ID, DEPENDENT_SECONDARY_FIELD_DEFINITION_ID, DEPENDENT_VALUE, FIELD_REQUIRED_ID, VALIDATION_ID) VALUES (1000014, 'gift.address.postalCode', 'address.id', '0', 10000014, null);
INSERT INTO FIELD_CONDITION (CONDITION_ID, DEPENDENT_FIELD_DEFINITION_ID, DEPENDENT_SECONDARY_FIELD_DEFINITION_ID, DEPENDENT_VALUE, FIELD_REQUIRED_ID, VALIDATION_ID) VALUES (1000015, 'gift.address.country', 'address.id', '0', 10000015, null);

INSERT INTO FIELD_REQUIRED (FIELD_REQUIRED_ID, SITE_NAME, SECTION_NAME, FIELD_DEFINITION_ID, SECONDARY_FIELD_DEFINITION_ID, REQUIRED) VALUES (10000021, null, 'gift.payment', 'gift.phone.customFieldMap[phoneType]', 'phone.customFieldMap[phoneType]', TRUE);
INSERT INTO FIELD_CONDITION (CONDITION_ID, DEPENDENT_FIELD_DEFINITION_ID, DEPENDENT_SECONDARY_FIELD_DEFINITION_ID, DEPENDENT_VALUE, FIELD_REQUIRED_ID, VALIDATION_ID) VALUES (10000021, 'gift.phone.customFieldMap[phoneType]', 'phone.id', '0', 10000021, null);
INSERT INTO FIELD_REQUIRED (FIELD_REQUIRED_ID, SITE_NAME, SECTION_NAME, FIELD_DEFINITION_ID, SECONDARY_FIELD_DEFINITION_ID, REQUIRED) VALUES (10000016, null, 'gift.payment', 'gift.phone.number', 'phone.number', TRUE);
INSERT INTO FIELD_CONDITION (CONDITION_ID, DEPENDENT_FIELD_DEFINITION_ID, DEPENDENT_SECONDARY_FIELD_DEFINITION_ID, DEPENDENT_VALUE, FIELD_REQUIRED_ID, VALIDATION_ID) VALUES (1000016, 'gift.phone.number', 'phone.id', '0', 10000016, null);

INSERT INTO FIELD_REQUIRED (FIELD_REQUIRED_ID, SITE_NAME, SECTION_NAME, FIELD_DEFINITION_ID, REQUIRED) VALUES (10000018, null, 'gift.payment', 'gift.paymentType', TRUE);


-- Gift check info required
INSERT INTO FIELD_REQUIRED (FIELD_REQUIRED_ID, SITE_NAME, SECTION_NAME, FIELD_DEFINITION_ID, SECONDARY_FIELD_DEFINITION_ID, REQUIRED) VALUES (1000019, null, 'gift.check', 'gift.checkNumber', null, TRUE);
INSERT INTO FIELD_CONDITION (CONDITION_ID, DEPENDENT_FIELD_DEFINITION_ID, DEPENDENT_VALUE, FIELD_REQUIRED_ID, VALIDATION_ID) VALUES (1000018, 'gift.paymentType', 'Check', 1000019, null);

INSERT INTO FIELD_REQUIRED (FIELD_REQUIRED_ID, SITE_NAME, SECTION_NAME, FIELD_DEFINITION_ID, SECONDARY_FIELD_DEFINITION_ID, REQUIRED) VALUES (1000020, null, 'gift.donation', 'gift.donationDate', null, TRUE);
INSERT INTO FIELD_REQUIRED (FIELD_REQUIRED_ID, SITE_NAME, SECTION_NAME, FIELD_DEFINITION_ID, SECONDARY_FIELD_DEFINITION_ID, REQUIRED) VALUES (1000021, null, 'gift.donation', 'gift.currencyCode', null, TRUE);


INSERT INTO FIELD_REQUIRED (FIELD_REQUIRED_ID, SITE_NAME, SECTION_NAME, FIELD_DEFINITION_ID, SECONDARY_FIELD_DEFINITION_ID, REQUIRED) VALUES (1000151, null, 'constituent.contactInfo', 'constituent.customFieldMap[communicationPreferences]', null, TRUE);
INSERT INTO FIELD_REQUIRED (FIELD_REQUIRED_ID, SITE_NAME, SECTION_NAME, FIELD_DEFINITION_ID, SECONDARY_FIELD_DEFINITION_ID, REQUIRED) VALUES (1000158, null, 'constituent.contactInfo', 'constituent.customFieldMap[communicationOptInPreferences]', null, TRUE);
INSERT INTO FIELD_CONDITION (CONDITION_ID, DEPENDENT_FIELD_DEFINITION_ID, DEPENDENT_VALUE, FIELD_REQUIRED_ID) VALUES (1000019, 'constituent.customFieldMap[communicationPreferences]', 'Opt In', 1000158);

-- add messages for ach
INSERT INTO MESSAGE_RESOURCE (LANGUAGE_ABBREVIATION, MESSAGE_KEY, MESSAGE_RESOURCE_TYPE, MESSAGE_VALUE) values ('en_US', 'invalidAchAccountNumber', 'FIELD_VALIDATION', 'Invalid ACH account number');
INSERT INTO MESSAGE_RESOURCE (LANGUAGE_ABBREVIATION, MESSAGE_KEY, MESSAGE_RESOURCE_TYPE, MESSAGE_VALUE) values ('en_US', 'invalidAchRoutingNumber', 'FIELD_VALIDATION', 'Invalid ACH routing number');

-- add messages for credit card
INSERT INTO MESSAGE_RESOURCE (LANGUAGE_ABBREVIATION, MESSAGE_KEY, MESSAGE_RESOURCE_TYPE, MESSAGE_VALUE) values ('en_US', 'invalidCreditCardType', 'FIELD_VALIDATION', 'Invalid credit card type');
INSERT INTO MESSAGE_RESOURCE (LANGUAGE_ABBREVIATION, MESSAGE_KEY, MESSAGE_RESOURCE_TYPE, MESSAGE_VALUE) values ('en_US', 'invalidCreditCardNumber', 'FIELD_VALIDATION', 'Invalid credit card number');
INSERT INTO MESSAGE_RESOURCE (LANGUAGE_ABBREVIATION, MESSAGE_KEY, MESSAGE_RESOURCE_TYPE, MESSAGE_VALUE) values ('en_US', 'invalidCreditCardExpiration', 'FIELD_VALIDATION', 'Credit card expiration must be after today');


-- add validation to require spouse name if married
INSERT INTO FIELD_REQUIRED (FIELD_REQUIRED_ID, SITE_NAME, SECTION_NAME, FIELD_DEFINITION_ID, REQUIRED) VALUES (1000051, null, 'constituent.contactInfo', 'constituent.customFieldMap[individual.spouse]', TRUE);
INSERT INTO FIELD_CONDITION (CONDITION_ID, DEPENDENT_FIELD_DEFINITION_ID, DEPENDENT_VALUE, FIELD_REQUIRED_ID, VALIDATION_ID) VALUES (1000020, 'constituent.maritalStatus', 'Married', 1000051, null);



-- Payment Methods
-- Validate paymentType for payment methods
INSERT INTO FIELD_REQUIRED (FIELD_REQUIRED_ID, SITE_NAME, SECTION_NAME, FIELD_DEFINITION_ID, REQUIRED) VALUES (1000070, null, 'paymentSource.info', 'paymentSource.paymentType', TRUE);

INSERT INTO FIELD_REQUIRED (FIELD_REQUIRED_ID, SITE_NAME, SECTION_NAME, FIELD_DEFINITION_ID, REQUIRED) VALUES (1000071, null, 'paymentSource.creditCard', 'paymentSource.creditCardHolderName', TRUE);
INSERT INTO FIELD_REQUIRED (FIELD_REQUIRED_ID, SITE_NAME, SECTION_NAME, FIELD_DEFINITION_ID, REQUIRED) VALUES (1000072, null, 'paymentSource.creditCard', 'paymentSource.creditCardType', TRUE);
INSERT INTO FIELD_REQUIRED (FIELD_REQUIRED_ID, SITE_NAME, SECTION_NAME, FIELD_DEFINITION_ID, REQUIRED) VALUES (1000073, null, 'paymentSource.creditCard', 'paymentSource.creditCardExpiration', TRUE);
INSERT INTO FIELD_REQUIRED (FIELD_REQUIRED_ID, SITE_NAME, SECTION_NAME, FIELD_DEFINITION_ID, REQUIRED) VALUES (1000074, null, 'paymentSource.creditCard', 'paymentSource.creditCardNumber', TRUE);
INSERT INTO FIELD_CONDITION (CONDITION_ID, DEPENDENT_FIELD_DEFINITION_ID, DEPENDENT_VALUE, FIELD_REQUIRED_ID, VALIDATION_ID) VALUES (1000030, 'paymentSource.paymentType', 'Credit Card', 1000071, null);
INSERT INTO FIELD_CONDITION (CONDITION_ID, DEPENDENT_FIELD_DEFINITION_ID, DEPENDENT_VALUE, FIELD_REQUIRED_ID, VALIDATION_ID) VALUES (1000031, 'paymentSource.paymentType', 'Credit Card', 1000072, null);
INSERT INTO FIELD_CONDITION (CONDITION_ID, DEPENDENT_FIELD_DEFINITION_ID, DEPENDENT_VALUE, FIELD_REQUIRED_ID, VALIDATION_ID) VALUES (1000032, 'paymentSource.paymentType', 'Credit Card', 1000073, null);
INSERT INTO FIELD_CONDITION (CONDITION_ID, DEPENDENT_FIELD_DEFINITION_ID, DEPENDENT_VALUE, FIELD_REQUIRED_ID, VALIDATION_ID) VALUES (1000033, 'paymentSource.paymentType', 'Credit Card', 1000074, null);

INSERT INTO FIELD_REQUIRED (FIELD_REQUIRED_ID, SITE_NAME, SECTION_NAME, FIELD_DEFINITION_ID, REQUIRED) VALUES (1000075, null, 'paymentSource.ach', 'paymentSource.achHolderName', TRUE);
INSERT INTO FIELD_REQUIRED (FIELD_REQUIRED_ID, SITE_NAME, SECTION_NAME, FIELD_DEFINITION_ID, REQUIRED) VALUES (1000076, null, 'paymentSource.ach', 'paymentSource.achRoutingNumber', TRUE);
INSERT INTO FIELD_REQUIRED (FIELD_REQUIRED_ID, SITE_NAME, SECTION_NAME, FIELD_DEFINITION_ID, REQUIRED) VALUES (1000077, null, 'paymentSource.ach', 'paymentSource.achAccountNumber', TRUE);
INSERT INTO FIELD_CONDITION (CONDITION_ID, DEPENDENT_FIELD_DEFINITION_ID, DEPENDENT_VALUE, FIELD_REQUIRED_ID, VALIDATION_ID) VALUES (1000034, 'paymentSource.paymentType', 'ACH', 1000075, null);
INSERT INTO FIELD_CONDITION (CONDITION_ID, DEPENDENT_FIELD_DEFINITION_ID, DEPENDENT_VALUE, FIELD_REQUIRED_ID, VALIDATION_ID) VALUES (1000035, 'paymentSource.paymentType', 'ACH', 1000076, null);
INSERT INTO FIELD_CONDITION (CONDITION_ID, DEPENDENT_FIELD_DEFINITION_ID, DEPENDENT_VALUE, FIELD_REQUIRED_ID, VALIDATION_ID) VALUES (1000036, 'paymentSource.paymentType', 'ACH', 1000077, null);

INSERT INTO FIELD_REQUIRED (FIELD_REQUIRED_ID, SITE_NAME, SECTION_NAME, FIELD_DEFINITION_ID, SECONDARY_FIELD_DEFINITION_ID, REQUIRED) VALUES (10000024, null, 'paymentSource.info', 'paymentSource.address.customFieldMap[addressType]', 'address.customFieldMap[addressType]', TRUE);
INSERT INTO FIELD_REQUIRED (FIELD_REQUIRED_ID, SITE_NAME, SECTION_NAME, FIELD_DEFINITION_ID, SECONDARY_FIELD_DEFINITION_ID, REQUIRED) VALUES (1000078, null, 'paymentSource.info', 'paymentSource.address.addressLine1', 'address.addressLine1', TRUE);
INSERT INTO FIELD_REQUIRED (FIELD_REQUIRED_ID, SITE_NAME, SECTION_NAME, FIELD_DEFINITION_ID, SECONDARY_FIELD_DEFINITION_ID, REQUIRED) VALUES (1000079, null, 'paymentSource.info', 'paymentSource.address.city', 'address.city', TRUE);
INSERT INTO FIELD_REQUIRED (FIELD_REQUIRED_ID, SITE_NAME, SECTION_NAME, FIELD_DEFINITION_ID, SECONDARY_FIELD_DEFINITION_ID, REQUIRED) VALUES (1000080, null, 'paymentSource.info', 'paymentSource.address.stateProvince', 'address.stateProvince', TRUE);
INSERT INTO FIELD_REQUIRED (FIELD_REQUIRED_ID, SITE_NAME, SECTION_NAME, FIELD_DEFINITION_ID, SECONDARY_FIELD_DEFINITION_ID, REQUIRED) VALUES (1000081, null, 'paymentSource.info', 'paymentSource.address.postalCode', 'address.postalCode', TRUE);
INSERT INTO FIELD_REQUIRED (FIELD_REQUIRED_ID, SITE_NAME, SECTION_NAME, FIELD_DEFINITION_ID, SECONDARY_FIELD_DEFINITION_ID, REQUIRED) VALUES (1000082, null, 'paymentSource.info', 'paymentSource.address.country', 'address.country', TRUE);
INSERT INTO FIELD_CONDITION (CONDITION_ID, DEPENDENT_FIELD_DEFINITION_ID, DEPENDENT_SECONDARY_FIELD_DEFINITION_ID, DEPENDENT_VALUE, FIELD_REQUIRED_ID, VALIDATION_ID) VALUES (10000024, 'paymentSource.address.customFieldMap[addressType]', 'address.id', '0', 10000024, null);
INSERT INTO FIELD_CONDITION (CONDITION_ID, DEPENDENT_FIELD_DEFINITION_ID, DEPENDENT_SECONDARY_FIELD_DEFINITION_ID, DEPENDENT_VALUE, FIELD_REQUIRED_ID, VALIDATION_ID) VALUES (1000037, 'paymentSource.address.addressLine1', 'address.id', '0', 1000078, null);
INSERT INTO FIELD_CONDITION (CONDITION_ID, DEPENDENT_FIELD_DEFINITION_ID, DEPENDENT_SECONDARY_FIELD_DEFINITION_ID, DEPENDENT_VALUE, FIELD_REQUIRED_ID, VALIDATION_ID) VALUES (1000038, 'paymentSource.address.city', 'address.id', '0', 1000079, null);
INSERT INTO FIELD_CONDITION (CONDITION_ID, DEPENDENT_FIELD_DEFINITION_ID, DEPENDENT_SECONDARY_FIELD_DEFINITION_ID, DEPENDENT_VALUE, FIELD_REQUIRED_ID, VALIDATION_ID) VALUES (1000039, 'paymentSource.address.country', 'address.country', 'US|CA', 1000080, null);
INSERT INTO FIELD_CONDITION (CONDITION_ID, DEPENDENT_FIELD_DEFINITION_ID, DEPENDENT_SECONDARY_FIELD_DEFINITION_ID, DEPENDENT_VALUE, FIELD_REQUIRED_ID, VALIDATION_ID) VALUES (1000040, 'paymentSource.address.postalCode', 'address.id', '0', 1000081, null);
INSERT INTO FIELD_CONDITION (CONDITION_ID, DEPENDENT_FIELD_DEFINITION_ID, DEPENDENT_SECONDARY_FIELD_DEFINITION_ID, DEPENDENT_VALUE, FIELD_REQUIRED_ID, VALIDATION_ID) VALUES (1000041, 'paymentSource.address.country', 'address.id', '0', 1000082, null);

INSERT INTO FIELD_REQUIRED (FIELD_REQUIRED_ID, SITE_NAME, SECTION_NAME, FIELD_DEFINITION_ID, SECONDARY_FIELD_DEFINITION_ID, REQUIRED) VALUES (1000083, null, 'paymentSource.info', 'paymentSource.phone.number', 'phone.number', TRUE);
INSERT INTO FIELD_CONDITION (CONDITION_ID, DEPENDENT_FIELD_DEFINITION_ID, DEPENDENT_SECONDARY_FIELD_DEFINITION_ID, DEPENDENT_VALUE, FIELD_REQUIRED_ID, VALIDATION_ID) VALUES (1000042, 'paymentSource.phone.number', 'phone.id', '0', 1000083, null);
INSERT INTO FIELD_REQUIRED (FIELD_REQUIRED_ID, SITE_NAME, SECTION_NAME, FIELD_DEFINITION_ID, SECONDARY_FIELD_DEFINITION_ID, REQUIRED) VALUES (10000025, null, 'paymentSource.info', 'paymentSource.phone.customFieldMap[phoneType]', 'phone.customFieldMap[phoneType]', TRUE);
INSERT INTO FIELD_CONDITION (CONDITION_ID, DEPENDENT_FIELD_DEFINITION_ID, DEPENDENT_SECONDARY_FIELD_DEFINITION_ID, DEPENDENT_VALUE, FIELD_REQUIRED_ID, VALIDATION_ID) VALUES (10000025, 'paymentSource.phone.customFieldMap[phoneType]', 'phone.id', '0', 10000025, null);


-- Edit Payment Method
INSERT INTO FIELD_REQUIRED (FIELD_REQUIRED_ID, SITE_NAME, SECTION_NAME, FIELD_DEFINITION_ID, SECONDARY_FIELD_DEFINITION_ID, REQUIRED) VALUES (10000026, null, 'paymentSource.infoEdit', 'paymentSource.address.customFieldMap[addressType]', 'address.customFieldMap[addressType]', TRUE);
INSERT INTO FIELD_REQUIRED (FIELD_REQUIRED_ID, SITE_NAME, SECTION_NAME, FIELD_DEFINITION_ID, SECONDARY_FIELD_DEFINITION_ID, REQUIRED) VALUES (1000084, null, 'paymentSource.infoEdit', 'paymentSource.address.addressLine1', 'address.addressLine1', TRUE);
INSERT INTO FIELD_REQUIRED (FIELD_REQUIRED_ID, SITE_NAME, SECTION_NAME, FIELD_DEFINITION_ID, SECONDARY_FIELD_DEFINITION_ID, REQUIRED) VALUES (1000085, null, 'paymentSource.infoEdit', 'paymentSource.address.city', 'address.city', TRUE);
INSERT INTO FIELD_REQUIRED (FIELD_REQUIRED_ID, SITE_NAME, SECTION_NAME, FIELD_DEFINITION_ID, SECONDARY_FIELD_DEFINITION_ID, REQUIRED) VALUES (1000086, null, 'paymentSource.infoEdit', 'paymentSource.address.stateProvince', 'address.stateProvince', TRUE);
INSERT INTO FIELD_REQUIRED (FIELD_REQUIRED_ID, SITE_NAME, SECTION_NAME, FIELD_DEFINITION_ID, SECONDARY_FIELD_DEFINITION_ID, REQUIRED) VALUES (1000087, null, 'paymentSource.infoEdit', 'paymentSource.address.postalCode', 'address.postalCode', TRUE);
INSERT INTO FIELD_REQUIRED (FIELD_REQUIRED_ID, SITE_NAME, SECTION_NAME, FIELD_DEFINITION_ID, SECONDARY_FIELD_DEFINITION_ID, REQUIRED) VALUES (1000088, null, 'paymentSource.infoEdit', 'paymentSource.address.country', 'address.country', TRUE);
INSERT INTO FIELD_CONDITION (CONDITION_ID, DEPENDENT_FIELD_DEFINITION_ID, DEPENDENT_SECONDARY_FIELD_DEFINITION_ID, DEPENDENT_VALUE, FIELD_REQUIRED_ID, VALIDATION_ID) VALUES (10000026, 'paymentSource.address.customFieldMap[addressType]', 'address.id', '0', 10000026, null);
INSERT INTO FIELD_CONDITION (CONDITION_ID, DEPENDENT_FIELD_DEFINITION_ID, DEPENDENT_SECONDARY_FIELD_DEFINITION_ID, DEPENDENT_VALUE, FIELD_REQUIRED_ID, VALIDATION_ID) VALUES (1000050, 'paymentSource.address.addressLine1', 'address.id', '0', 1000084, null);
INSERT INTO FIELD_CONDITION (CONDITION_ID, DEPENDENT_FIELD_DEFINITION_ID, DEPENDENT_SECONDARY_FIELD_DEFINITION_ID, DEPENDENT_VALUE, FIELD_REQUIRED_ID, VALIDATION_ID) VALUES (1000051, 'paymentSource.address.city', 'address.id', '0', 1000085, null);
INSERT INTO FIELD_CONDITION (CONDITION_ID, DEPENDENT_FIELD_DEFINITION_ID, DEPENDENT_SECONDARY_FIELD_DEFINITION_ID, DEPENDENT_VALUE, FIELD_REQUIRED_ID, VALIDATION_ID) VALUES (1000052, 'paymentSource.address.country', 'address.country', 'US|CA', 1000086, null);
INSERT INTO FIELD_CONDITION (CONDITION_ID, DEPENDENT_FIELD_DEFINITION_ID, DEPENDENT_SECONDARY_FIELD_DEFINITION_ID, DEPENDENT_VALUE, FIELD_REQUIRED_ID, VALIDATION_ID) VALUES (1000053, 'paymentSource.address.postalCode', 'address.id', '0', 1000087, null);
INSERT INTO FIELD_CONDITION (CONDITION_ID, DEPENDENT_FIELD_DEFINITION_ID, DEPENDENT_SECONDARY_FIELD_DEFINITION_ID, DEPENDENT_VALUE, FIELD_REQUIRED_ID, VALIDATION_ID) VALUES (1000054, 'paymentSource.address.country', 'address.id', '0', 1000088, null);

INSERT INTO FIELD_REQUIRED (FIELD_REQUIRED_ID, SITE_NAME, SECTION_NAME, FIELD_DEFINITION_ID, SECONDARY_FIELD_DEFINITION_ID, REQUIRED) VALUES (1000089, null, 'paymentSource.infoEdit', 'paymentSource.phone.number', 'phone.number', TRUE);
INSERT INTO FIELD_CONDITION (CONDITION_ID, DEPENDENT_FIELD_DEFINITION_ID, DEPENDENT_SECONDARY_FIELD_DEFINITION_ID, DEPENDENT_VALUE, FIELD_REQUIRED_ID, VALIDATION_ID) VALUES (1000055, 'paymentSource.phone.number', 'phone.id', '0', 1000089, null);
INSERT INTO FIELD_REQUIRED (FIELD_REQUIRED_ID, SITE_NAME, SECTION_NAME, FIELD_DEFINITION_ID, SECONDARY_FIELD_DEFINITION_ID, REQUIRED) VALUES (10000027, null, 'paymentSource.infoEdit', 'paymentSource.phone.customFieldMap[phoneType]', 'phone.customFieldMap[phoneType]', TRUE);
INSERT INTO FIELD_CONDITION (CONDITION_ID, DEPENDENT_FIELD_DEFINITION_ID, DEPENDENT_SECONDARY_FIELD_DEFINITION_ID, DEPENDENT_VALUE, FIELD_REQUIRED_ID, VALIDATION_ID) VALUES (10000027, 'paymentSource.phone.customFieldMap[phoneType]', 'phone.id', '0', 10000027, null);



-- Recurring Gift amountPerGift required
INSERT INTO FIELD_REQUIRED (FIELD_REQUIRED_ID, SITE_NAME, SECTION_NAME, FIELD_DEFINITION_ID, SECONDARY_FIELD_DEFINITION_ID, REQUIRED) VALUES (1000125, null, 'recurringGift.info', 'recurringGift.amountPerGift', null, TRUE);

-- Recurring Gift payment source, paymentType, frequency, start date required 
INSERT INTO FIELD_REQUIRED (FIELD_REQUIRED_ID, SITE_NAME, SECTION_NAME, FIELD_DEFINITION_ID, REQUIRED) VALUES (1000140, null, 'recurringGift.payment', 'recurringGift.paymentType', TRUE);
INSERT INTO FIELD_REQUIRED (FIELD_REQUIRED_ID, SITE_NAME, SECTION_NAME, FIELD_DEFINITION_ID, REQUIRED) VALUES (1000141, null, 'recurringGift.info', 'recurringGift.frequency', TRUE);
INSERT INTO FIELD_REQUIRED (FIELD_REQUIRED_ID, SITE_NAME, SECTION_NAME, FIELD_DEFINITION_ID, REQUIRED) VALUES (1000142, null, 'recurringGift.info', 'recurringGift.startDate', TRUE);

-- Recurring Gift credit card info required
INSERT INTO FIELD_REQUIRED (FIELD_REQUIRED_ID, SITE_NAME, SECTION_NAME, FIELD_DEFINITION_ID, SECONDARY_FIELD_DEFINITION_ID, REQUIRED) VALUES (1000127, null, 'recurringGift.creditCard', 'recurringGift.paymentSource.creditCardHolderName', 'paymentSource.creditCardHolderName', TRUE);
INSERT INTO FIELD_REQUIRED (FIELD_REQUIRED_ID, SITE_NAME, SECTION_NAME, FIELD_DEFINITION_ID, SECONDARY_FIELD_DEFINITION_ID, REQUIRED) VALUES (1000128, null, 'recurringGift.creditCard', 'recurringGift.paymentSource.creditCardType', 'paymentSource.creditCardType', TRUE);
INSERT INTO FIELD_REQUIRED (FIELD_REQUIRED_ID, SITE_NAME, SECTION_NAME, FIELD_DEFINITION_ID, SECONDARY_FIELD_DEFINITION_ID, REQUIRED) VALUES (1000129, null, 'recurringGift.creditCard', 'recurringGift.paymentSource.creditCardNumber', 'paymentSource.creditCardNumber', TRUE);
INSERT INTO FIELD_REQUIRED (FIELD_REQUIRED_ID, SITE_NAME, SECTION_NAME, FIELD_DEFINITION_ID, SECONDARY_FIELD_DEFINITION_ID, REQUIRED) VALUES (1000130, null, 'recurringGift.creditCard', 'recurringGift.paymentSource.creditCardExpiration', 'paymentSource.creditCardExpiration', TRUE);
INSERT INTO FIELD_CONDITION (CONDITION_ID, DEPENDENT_FIELD_DEFINITION_ID, DEPENDENT_VALUE, FIELD_REQUIRED_ID, VALIDATION_ID) VALUES (1000056, 'recurringGift.paymentType', 'Credit Card', 1000127, null);
INSERT INTO FIELD_CONDITION (CONDITION_ID, DEPENDENT_FIELD_DEFINITION_ID, DEPENDENT_SECONDARY_FIELD_DEFINITION_ID, DEPENDENT_VALUE, FIELD_REQUIRED_ID, VALIDATION_ID) VALUES (1000057, 'recurringGift.paymentSource.creditCardHolderName', 'paymentSource.id', '0', 1000127, null);
INSERT INTO FIELD_CONDITION (CONDITION_ID, DEPENDENT_FIELD_DEFINITION_ID, DEPENDENT_VALUE, FIELD_REQUIRED_ID, VALIDATION_ID) VALUES (1000058, 'recurringGift.paymentType', 'Credit Card', 1000128, null);
INSERT INTO FIELD_CONDITION (CONDITION_ID, DEPENDENT_FIELD_DEFINITION_ID, DEPENDENT_SECONDARY_FIELD_DEFINITION_ID, DEPENDENT_VALUE, FIELD_REQUIRED_ID, VALIDATION_ID) VALUES (1000059, 'recurringGift.paymentSource.creditCardType', 'paymentSource.id', '0', 1000128, null);
INSERT INTO FIELD_CONDITION (CONDITION_ID, DEPENDENT_FIELD_DEFINITION_ID, DEPENDENT_VALUE, FIELD_REQUIRED_ID, VALIDATION_ID) VALUES (1000060, 'recurringGift.paymentType', 'Credit Card', 1000129, null);
INSERT INTO FIELD_CONDITION (CONDITION_ID, DEPENDENT_FIELD_DEFINITION_ID, DEPENDENT_SECONDARY_FIELD_DEFINITION_ID, DEPENDENT_VALUE, FIELD_REQUIRED_ID, VALIDATION_ID) VALUES (1000061, 'recurringGift.paymentSource.creditCardNumber', 'paymentSource.id', '0', 1000129, null);
INSERT INTO FIELD_CONDITION (CONDITION_ID, DEPENDENT_FIELD_DEFINITION_ID, DEPENDENT_VALUE, FIELD_REQUIRED_ID, VALIDATION_ID) VALUES (1000062, 'recurringGift.paymentType', 'Credit Card', 1000130, null);
INSERT INTO FIELD_CONDITION (CONDITION_ID, DEPENDENT_FIELD_DEFINITION_ID, DEPENDENT_SECONDARY_FIELD_DEFINITION_ID, DEPENDENT_VALUE, FIELD_REQUIRED_ID, VALIDATION_ID) VALUES (1000063, 'recurringGift.paymentSource.creditCardExpiration', 'paymentSource.id', '0', 1000130, null);

-- Recurring Gift ach info required
INSERT INTO FIELD_REQUIRED (FIELD_REQUIRED_ID, SITE_NAME, SECTION_NAME, FIELD_DEFINITION_ID, SECONDARY_FIELD_DEFINITION_ID, REQUIRED) VALUES (1000131, null, 'recurringGift.ach', 'recurringGift.paymentSource.achHolderName', 'paymentSource.achHolderName', TRUE);
INSERT INTO FIELD_REQUIRED (FIELD_REQUIRED_ID, SITE_NAME, SECTION_NAME, FIELD_DEFINITION_ID, SECONDARY_FIELD_DEFINITION_ID, REQUIRED) VALUES (1000132, null, 'recurringGift.ach', 'recurringGift.paymentSource.achRoutingNumber', 'paymentSource.achRoutingNumber', TRUE);
INSERT INTO FIELD_REQUIRED (FIELD_REQUIRED_ID, SITE_NAME, SECTION_NAME, FIELD_DEFINITION_ID, SECONDARY_FIELD_DEFINITION_ID, REQUIRED) VALUES (1000133, null, 'recurringGift.ach', 'recurringGift.paymentSource.achAccountNumber', 'paymentSource.achAccountNumber', TRUE);
INSERT INTO FIELD_CONDITION (CONDITION_ID, DEPENDENT_FIELD_DEFINITION_ID, DEPENDENT_VALUE, FIELD_REQUIRED_ID, VALIDATION_ID) VALUES (1000064, 'recurringGift.paymentType', 'ACH', 1000131, null);
INSERT INTO FIELD_CONDITION (CONDITION_ID, DEPENDENT_FIELD_DEFINITION_ID, DEPENDENT_SECONDARY_FIELD_DEFINITION_ID, DEPENDENT_VALUE, FIELD_REQUIRED_ID, VALIDATION_ID) VALUES (1000065, 'recurringGift.paymentSource.achHolderName', 'paymentSource.id', '0', 1000131, null);
INSERT INTO FIELD_CONDITION (CONDITION_ID, DEPENDENT_FIELD_DEFINITION_ID, DEPENDENT_VALUE, FIELD_REQUIRED_ID, VALIDATION_ID) VALUES (1000066, 'recurringGift.paymentType', 'ACH', 1000132, null);
INSERT INTO FIELD_CONDITION (CONDITION_ID, DEPENDENT_FIELD_DEFINITION_ID, DEPENDENT_SECONDARY_FIELD_DEFINITION_ID, DEPENDENT_VALUE, FIELD_REQUIRED_ID, VALIDATION_ID) VALUES (1000067, 'recurringGift.paymentSource.achRoutingNumber', 'paymentSource.id', '0', 1000132, null);
INSERT INTO FIELD_CONDITION (CONDITION_ID, DEPENDENT_FIELD_DEFINITION_ID, DEPENDENT_VALUE, FIELD_REQUIRED_ID, VALIDATION_ID) VALUES (1000068, 'recurringGift.paymentType', 'ACH', 1000133, null);
INSERT INTO FIELD_CONDITION (CONDITION_ID, DEPENDENT_FIELD_DEFINITION_ID, DEPENDENT_SECONDARY_FIELD_DEFINITION_ID, DEPENDENT_VALUE, FIELD_REQUIRED_ID, VALIDATION_ID) VALUES (1000069, 'recurringGift.paymentSource.achAccountNumber', 'paymentSource.id', '0', 1000133, null);

INSERT INTO FIELD_REQUIRED (FIELD_REQUIRED_ID, SITE_NAME, SECTION_NAME, FIELD_DEFINITION_ID, SECONDARY_FIELD_DEFINITION_ID, REQUIRED) VALUES (1000022, null, 'recurringGift.payment', 'recurringGift.address.customFieldMap[addressType]', 'address.customFieldMap[addressType]', TRUE);
INSERT INTO FIELD_REQUIRED (FIELD_REQUIRED_ID, SITE_NAME, SECTION_NAME, FIELD_DEFINITION_ID, SECONDARY_FIELD_DEFINITION_ID, REQUIRED) VALUES (1000134, null, 'recurringGift.payment', 'recurringGift.address.addressLine1', 'address.addressLine1', TRUE);
INSERT INTO FIELD_REQUIRED (FIELD_REQUIRED_ID, SITE_NAME, SECTION_NAME, FIELD_DEFINITION_ID, SECONDARY_FIELD_DEFINITION_ID, REQUIRED) VALUES (1000135, null, 'recurringGift.payment', 'recurringGift.address.city', 'address.city', TRUE);
INSERT INTO FIELD_REQUIRED (FIELD_REQUIRED_ID, SITE_NAME, SECTION_NAME, FIELD_DEFINITION_ID, SECONDARY_FIELD_DEFINITION_ID, REQUIRED) VALUES (1000136, null, 'recurringGift.payment', 'recurringGift.address.stateProvince', 'address.stateProvince', TRUE);
INSERT INTO FIELD_REQUIRED (FIELD_REQUIRED_ID, SITE_NAME, SECTION_NAME, FIELD_DEFINITION_ID, SECONDARY_FIELD_DEFINITION_ID, REQUIRED) VALUES (1000137, null, 'recurringGift.payment', 'recurringGift.address.postalCode', 'address.postalCode', TRUE);
INSERT INTO FIELD_REQUIRED (FIELD_REQUIRED_ID, SITE_NAME, SECTION_NAME, FIELD_DEFINITION_ID, SECONDARY_FIELD_DEFINITION_ID, REQUIRED) VALUES (1000138, null, 'recurringGift.payment', 'recurringGift.address.country', 'address.country', TRUE);
INSERT INTO FIELD_CONDITION (CONDITION_ID, DEPENDENT_FIELD_DEFINITION_ID, DEPENDENT_SECONDARY_FIELD_DEFINITION_ID, DEPENDENT_VALUE, FIELD_REQUIRED_ID, VALIDATION_ID) VALUES (1000022, 'recurringGift.address.addressLine1', 'address.id', '0', 1000022, null);
INSERT INTO FIELD_CONDITION (CONDITION_ID, DEPENDENT_FIELD_DEFINITION_ID, DEPENDENT_SECONDARY_FIELD_DEFINITION_ID, DEPENDENT_VALUE, FIELD_REQUIRED_ID, VALIDATION_ID) VALUES (1000070, 'recurringGift.address.addressLine1', 'address.id', '0', 1000134, null);
INSERT INTO FIELD_CONDITION (CONDITION_ID, DEPENDENT_FIELD_DEFINITION_ID, DEPENDENT_SECONDARY_FIELD_DEFINITION_ID, DEPENDENT_VALUE, FIELD_REQUIRED_ID, VALIDATION_ID) VALUES (1000071, 'recurringGift.address.city', 'address.id', '0', 1000135, null);
INSERT INTO FIELD_CONDITION (CONDITION_ID, DEPENDENT_FIELD_DEFINITION_ID, DEPENDENT_SECONDARY_FIELD_DEFINITION_ID, DEPENDENT_VALUE, FIELD_REQUIRED_ID, VALIDATION_ID) VALUES (1000072, 'recurringGift.address.country', 'address.country', 'US|CA', 1000136, null);
INSERT INTO FIELD_CONDITION (CONDITION_ID, DEPENDENT_FIELD_DEFINITION_ID, DEPENDENT_SECONDARY_FIELD_DEFINITION_ID, DEPENDENT_VALUE, FIELD_REQUIRED_ID, VALIDATION_ID) VALUES (1000073, 'recurringGift.address.postalCode', 'address.id', '0', 1000137, null);
INSERT INTO FIELD_CONDITION (CONDITION_ID, DEPENDENT_FIELD_DEFINITION_ID, DEPENDENT_SECONDARY_FIELD_DEFINITION_ID, DEPENDENT_VALUE, FIELD_REQUIRED_ID, VALIDATION_ID) VALUES (1000074, 'recurringGift.address.country', 'address.id', '0', 1000138, null);

INSERT INTO FIELD_REQUIRED (FIELD_REQUIRED_ID, SITE_NAME, SECTION_NAME, FIELD_DEFINITION_ID, SECONDARY_FIELD_DEFINITION_ID, REQUIRED) VALUES (1000023, null, 'recurringGift.payment', 'recurringGift.phone.customFieldMap[phoneType]', 'phone.customFieldMap[phoneType]', TRUE);
INSERT INTO FIELD_CONDITION (CONDITION_ID, DEPENDENT_FIELD_DEFINITION_ID, DEPENDENT_SECONDARY_FIELD_DEFINITION_ID, DEPENDENT_VALUE, FIELD_REQUIRED_ID, VALIDATION_ID) VALUES (1000023, 'recurringGift.phone.number', 'phone.id', '0', 1000023, null);
INSERT INTO FIELD_REQUIRED (FIELD_REQUIRED_ID, SITE_NAME, SECTION_NAME, FIELD_DEFINITION_ID, SECONDARY_FIELD_DEFINITION_ID, REQUIRED) VALUES (1000139, null, 'recurringGift.payment', 'recurringGift.phone.number', 'phone.number', TRUE);
INSERT INTO FIELD_CONDITION (CONDITION_ID, DEPENDENT_FIELD_DEFINITION_ID, DEPENDENT_SECONDARY_FIELD_DEFINITION_ID, DEPENDENT_VALUE, FIELD_REQUIRED_ID, VALIDATION_ID) VALUES (1000075, 'recurringGift.phone.number', 'phone.id', '0', 1000139, null);

INSERT INTO FIELD_REQUIRED (FIELD_REQUIRED_ID, SITE_NAME, SECTION_NAME, FIELD_DEFINITION_ID, SECONDARY_FIELD_DEFINITION_ID, REQUIRED) VALUES (1068600, null, 'recurringGift.info', 'recurringGift.currencyCode', null, TRUE);
INSERT INTO FIELD_REQUIRED (FIELD_REQUIRED_ID, SITE_NAME, SECTION_NAME, FIELD_DEFINITION_ID, REQUIRED) VALUES (1000156, null, 'recurringGift.info', 'recurringGift.recurringGiftStatus', TRUE);

-- Pledge required
INSERT INTO FIELD_REQUIRED (FIELD_REQUIRED_ID, SITE_NAME, SECTION_NAME, FIELD_DEFINITION_ID, REQUIRED) VALUES (1000143, null, 'pledge.info', 'pledge.recurring', TRUE);

INSERT INTO FIELD_REQUIRED (FIELD_REQUIRED_ID, SITE_NAME, SECTION_NAME, FIELD_DEFINITION_ID, REQUIRED) VALUES (1000144, null, 'pledge.info', 'pledge.amountPerGift', TRUE);
INSERT INTO FIELD_CONDITION (CONDITION_ID, DEPENDENT_FIELD_DEFINITION_ID, DEPENDENT_VALUE, FIELD_REQUIRED_ID, VALIDATION_ID) VALUES (1000076, 'pledge.recurring', 'true', 1000144, null);

INSERT INTO FIELD_REQUIRED (FIELD_REQUIRED_ID, SITE_NAME, SECTION_NAME, FIELD_DEFINITION_ID, REQUIRED) VALUES (1000145, null, 'pledge.info', 'pledge.frequency', TRUE);
INSERT INTO FIELD_CONDITION (CONDITION_ID, DEPENDENT_FIELD_DEFINITION_ID, DEPENDENT_VALUE, FIELD_REQUIRED_ID, VALIDATION_ID) VALUES (1000077, 'pledge.recurring', 'true', 1000145, null);

INSERT INTO FIELD_REQUIRED (FIELD_REQUIRED_ID, SITE_NAME, SECTION_NAME, FIELD_DEFINITION_ID, REQUIRED) VALUES (1000146, null, 'pledge.info', 'pledge.startDate', TRUE);
INSERT INTO FIELD_CONDITION (CONDITION_ID, DEPENDENT_FIELD_DEFINITION_ID, DEPENDENT_VALUE, FIELD_REQUIRED_ID, VALIDATION_ID) VALUES (1000078, 'pledge.recurring', 'true', 1000146, null);

INSERT INTO FIELD_REQUIRED (FIELD_REQUIRED_ID, SITE_NAME, SECTION_NAME, FIELD_DEFINITION_ID, REQUIRED) VALUES (1000147, null, 'pledge.info', 'pledge.amountTotal', TRUE);
INSERT INTO FIELD_CONDITION (CONDITION_ID, DEPENDENT_FIELD_DEFINITION_ID, DEPENDENT_VALUE, FIELD_REQUIRED_ID, VALIDATION_ID) VALUES (1000079, 'pledge.recurring', 'false', 1000147, null);
INSERT INTO FIELD_REQUIRED (FIELD_REQUIRED_ID, SITE_NAME, SECTION_NAME, FIELD_DEFINITION_ID, REQUIRED) VALUES (1000152, null, 'pledge.info', 'pledge.pledgeStatus', TRUE);

INSERT INTO FIELD_REQUIRED (FIELD_REQUIRED_ID, SITE_NAME, SECTION_NAME, FIELD_DEFINITION_ID, SECONDARY_FIELD_DEFINITION_ID, REQUIRED) VALUES (1000154, null, 'pledge.info', 'pledge.currencyCode', null, TRUE);

INSERT INTO FIELD_REQUIRED (FIELD_REQUIRED_ID, SITE_NAME, SECTION_NAME, FIELD_DEFINITION_ID, REQUIRED) VALUES (1000150, null, 'communicationHistory', 'communicationHistory.entryType', TRUE);

-- Codes
INSERT INTO MESSAGE_RESOURCE (LANGUAGE_ABBREVIATION, MESSAGE_KEY, MESSAGE_RESOURCE_TYPE, MESSAGE_VALUE) values ('en_US', 'invalidCode', 'FIELD_VALIDATION', '{0} is an invalid {1}');

-- add messages for Payment Source Profile
INSERT INTO MESSAGE_RESOURCE (LANGUAGE_ABBREVIATION, MESSAGE_KEY, MESSAGE_RESOURCE_TYPE, MESSAGE_VALUE) values ('en_US', 'blankPaymentProfile', 'FIELD_VALIDATION', 'The Payment Profile must be composed of alphanumeric characters');
INSERT INTO MESSAGE_RESOURCE (LANGUAGE_ABBREVIATION, MESSAGE_KEY, MESSAGE_RESOURCE_TYPE, MESSAGE_VALUE) values ('en_US', 'paymentProfileAlreadyExists', 'FIELD_VALIDATION', 'The Payment Profile entered already exists and is not unique');


-- Address
INSERT INTO FIELD_REQUIRED (FIELD_REQUIRED_ID, SECTION_NAME, FIELD_DEFINITION_ID, REQUIRED) VALUES (1001000, 'address.edit', 'address.customFieldMap[addressType]', TRUE);
INSERT INTO FIELD_REQUIRED (FIELD_REQUIRED_ID, SECTION_NAME, FIELD_DEFINITION_ID, REQUIRED) VALUES (1002000, 'address.edit', 'address.activationStatus', TRUE);
INSERT INTO FIELD_REQUIRED (FIELD_REQUIRED_ID, SECTION_NAME, FIELD_DEFINITION_ID, REQUIRED) VALUES (1003000, 'address.edit', 'address.effectiveDate', TRUE);
INSERT INTO FIELD_CONDITION (CONDITION_ID, DEPENDENT_FIELD_DEFINITION_ID, DEPENDENT_VALUE, FIELD_REQUIRED_ID) VALUES (1000081, 'address.activationStatus', 'permanent', 1003000);
INSERT INTO FIELD_REQUIRED (FIELD_REQUIRED_ID, SECTION_NAME, FIELD_DEFINITION_ID, REQUIRED) VALUES (1004000, 'address.edit', 'address.seasonalStartDate', TRUE);
INSERT INTO FIELD_CONDITION (CONDITION_ID, DEPENDENT_FIELD_DEFINITION_ID, DEPENDENT_VALUE, FIELD_REQUIRED_ID) VALUES (1000082, 'address.activationStatus', 'seasonal', 1004000);
INSERT INTO FIELD_REQUIRED (FIELD_REQUIRED_ID, SECTION_NAME, FIELD_DEFINITION_ID, REQUIRED) VALUES (1005000, 'address.edit', 'address.seasonalEndDate', TRUE);
INSERT INTO FIELD_CONDITION (CONDITION_ID, DEPENDENT_FIELD_DEFINITION_ID, DEPENDENT_VALUE, FIELD_REQUIRED_ID) VALUES (1000083, 'address.activationStatus', 'temporary', 1005000);
INSERT INTO FIELD_REQUIRED (FIELD_REQUIRED_ID, SECTION_NAME, FIELD_DEFINITION_ID, REQUIRED) VALUES (1006000, 'address.edit', 'address.temporaryStartDate', TRUE);
INSERT INTO FIELD_CONDITION (CONDITION_ID, DEPENDENT_FIELD_DEFINITION_ID, DEPENDENT_VALUE, FIELD_REQUIRED_ID) VALUES (1000084, 'address.activationStatus', 'temporary', 1006000);
INSERT INTO FIELD_REQUIRED (FIELD_REQUIRED_ID, SECTION_NAME, FIELD_DEFINITION_ID, REQUIRED) VALUES (1007000, 'address.edit', 'address.temporaryEndDate', TRUE);
INSERT INTO FIELD_CONDITION (CONDITION_ID, DEPENDENT_FIELD_DEFINITION_ID, DEPENDENT_VALUE, FIELD_REQUIRED_ID) VALUES (1000085, 'address.activationStatus', 'temporary', 1007000);
INSERT INTO FIELD_REQUIRED (FIELD_REQUIRED_ID, SECTION_NAME, FIELD_DEFINITION_ID, REQUIRED) VALUES (1008000, 'address.edit', 'address.addressLine1', TRUE);
INSERT INTO FIELD_REQUIRED (FIELD_REQUIRED_ID, SECTION_NAME, FIELD_DEFINITION_ID, REQUIRED) VALUES (1009000, 'address.edit', 'address.city', TRUE);
INSERT INTO FIELD_REQUIRED (FIELD_REQUIRED_ID, SECTION_NAME, FIELD_DEFINITION_ID, REQUIRED) VALUES (1010000, 'address.edit', 'address.stateProvince', TRUE);
INSERT INTO FIELD_CONDITION (CONDITION_ID, DEPENDENT_FIELD_DEFINITION_ID, DEPENDENT_VALUE, FIELD_REQUIRED_ID) VALUES (1900000, 'address.country', 'US|CA', 1010000);
INSERT INTO FIELD_REQUIRED (FIELD_REQUIRED_ID, SECTION_NAME, FIELD_DEFINITION_ID, REQUIRED) VALUES (1011000, 'address.edit', 'address.country', TRUE);
INSERT INTO FIELD_REQUIRED (FIELD_REQUIRED_ID, SECTION_NAME, FIELD_DEFINITION_ID, REQUIRED) VALUES (1012000, 'address.edit', 'address.postalCode', TRUE);

INSERT INTO FIELD_REQUIRED (FIELD_REQUIRED_ID, SECTION_NAME, FIELD_DEFINITION_ID, REQUIRED) VALUES (1013000, 'address.info', 'address.customFieldMap[addressType]', TRUE);
INSERT INTO FIELD_REQUIRED (FIELD_REQUIRED_ID, SECTION_NAME, FIELD_DEFINITION_ID, REQUIRED) VALUES (1014000, 'address.info', 'address.activationStatus', TRUE);
INSERT INTO FIELD_REQUIRED (FIELD_REQUIRED_ID, SECTION_NAME, FIELD_DEFINITION_ID, REQUIRED) VALUES (1015000, 'address.info', 'address.effectiveDate', TRUE);
INSERT INTO FIELD_CONDITION (CONDITION_ID, DEPENDENT_FIELD_DEFINITION_ID, DEPENDENT_VALUE, FIELD_REQUIRED_ID) VALUES (1000086, 'address.activationStatus', 'permanent', 1015000);
INSERT INTO FIELD_REQUIRED (FIELD_REQUIRED_ID, SECTION_NAME, FIELD_DEFINITION_ID, REQUIRED) VALUES (1016000, 'address.info', 'address.seasonalStartDate', TRUE);
INSERT INTO FIELD_CONDITION (CONDITION_ID, DEPENDENT_FIELD_DEFINITION_ID, DEPENDENT_VALUE, FIELD_REQUIRED_ID) VALUES (1000087, 'address.activationStatus', 'seasonal', 1016000);
INSERT INTO FIELD_REQUIRED (FIELD_REQUIRED_ID, SECTION_NAME, FIELD_DEFINITION_ID, REQUIRED) VALUES (1017000, 'address.info', 'address.seasonalEndDate', TRUE);
INSERT INTO FIELD_CONDITION (CONDITION_ID, DEPENDENT_FIELD_DEFINITION_ID, DEPENDENT_VALUE, FIELD_REQUIRED_ID) VALUES (1000088, 'address.activationStatus', 'seasonal', 1017000);
INSERT INTO FIELD_REQUIRED (FIELD_REQUIRED_ID, SECTION_NAME, FIELD_DEFINITION_ID, REQUIRED) VALUES (1018000, 'address.info', 'address.temporaryStartDate', TRUE);
INSERT INTO FIELD_CONDITION (CONDITION_ID, DEPENDENT_FIELD_DEFINITION_ID, DEPENDENT_VALUE, FIELD_REQUIRED_ID) VALUES (1000089, 'address.activationStatus', 'temporary', 1018000);
INSERT INTO FIELD_REQUIRED (FIELD_REQUIRED_ID, SECTION_NAME, FIELD_DEFINITION_ID, REQUIRED) VALUES (1019000, 'address.info', 'address.temporaryEndDate', TRUE);
INSERT INTO FIELD_CONDITION (CONDITION_ID, DEPENDENT_FIELD_DEFINITION_ID, DEPENDENT_VALUE, FIELD_REQUIRED_ID) VALUES (1000090, 'address.activationStatus', 'temporary', 1019000);
INSERT INTO FIELD_REQUIRED (FIELD_REQUIRED_ID, SECTION_NAME, FIELD_DEFINITION_ID, REQUIRED) VALUES (1020000, 'address.info', 'address.addressLine1', TRUE);
INSERT INTO FIELD_REQUIRED (FIELD_REQUIRED_ID, SECTION_NAME, FIELD_DEFINITION_ID, REQUIRED) VALUES (1021000, 'address.info', 'address.city', TRUE);
INSERT INTO FIELD_REQUIRED (FIELD_REQUIRED_ID, SECTION_NAME, FIELD_DEFINITION_ID, REQUIRED) VALUES (1022000, 'address.info', 'address.stateProvince', TRUE);
INSERT INTO FIELD_CONDITION (CONDITION_ID, DEPENDENT_FIELD_DEFINITION_ID, DEPENDENT_VALUE, FIELD_REQUIRED_ID) VALUES (1900001, 'address.country', 'US|CA', 1022000);
INSERT INTO FIELD_REQUIRED (FIELD_REQUIRED_ID, SECTION_NAME, FIELD_DEFINITION_ID, REQUIRED) VALUES (1023000, 'address.info', 'address.country', TRUE);
INSERT INTO FIELD_REQUIRED (FIELD_REQUIRED_ID, SECTION_NAME, FIELD_DEFINITION_ID, REQUIRED) VALUES (1024000, 'address.info', 'address.postalCode', TRUE);

-- Email
INSERT INTO FIELD_REQUIRED (FIELD_REQUIRED_ID, SECTION_NAME, FIELD_DEFINITION_ID, REQUIRED) VALUES (1025000, 'email.edit', 'email.customFieldMap[emailType]', TRUE);
INSERT INTO FIELD_REQUIRED (FIELD_REQUIRED_ID, SECTION_NAME, FIELD_DEFINITION_ID, REQUIRED) VALUES (1026000, 'email.edit', 'email.activationStatus', TRUE);
INSERT INTO FIELD_REQUIRED (FIELD_REQUIRED_ID, SECTION_NAME, FIELD_DEFINITION_ID, REQUIRED) VALUES (1027000, 'email.edit', 'email.effectiveDate', TRUE);
INSERT INTO FIELD_CONDITION (CONDITION_ID, DEPENDENT_FIELD_DEFINITION_ID, DEPENDENT_VALUE, FIELD_REQUIRED_ID) VALUES (1000091, 'email.activationStatus', 'permanent', 1027000);
INSERT INTO FIELD_REQUIRED (FIELD_REQUIRED_ID, SECTION_NAME, FIELD_DEFINITION_ID, REQUIRED) VALUES (1028000, 'email.edit', 'email.seasonalStartDate', TRUE);
INSERT INTO FIELD_CONDITION (CONDITION_ID, DEPENDENT_FIELD_DEFINITION_ID, DEPENDENT_VALUE, FIELD_REQUIRED_ID) VALUES (1000092, 'email.activationStatus', 'seasonal', 1028000);
INSERT INTO FIELD_REQUIRED (FIELD_REQUIRED_ID, SECTION_NAME, FIELD_DEFINITION_ID, REQUIRED) VALUES (1029000, 'email.edit', 'email.seasonalEndDate', TRUE);
INSERT INTO FIELD_CONDITION (CONDITION_ID, DEPENDENT_FIELD_DEFINITION_ID, DEPENDENT_VALUE, FIELD_REQUIRED_ID) VALUES (1000093, 'email.activationStatus', 'seasonal', 1029000);
INSERT INTO FIELD_REQUIRED (FIELD_REQUIRED_ID, SECTION_NAME, FIELD_DEFINITION_ID, REQUIRED) VALUES (1030000, 'email.edit', 'email.temporaryStartDate', TRUE);
INSERT INTO FIELD_CONDITION (CONDITION_ID, DEPENDENT_FIELD_DEFINITION_ID, DEPENDENT_VALUE, FIELD_REQUIRED_ID) VALUES (1000094, 'email.activationStatus', 'temporary', 1030000);
INSERT INTO FIELD_REQUIRED (FIELD_REQUIRED_ID, SECTION_NAME, FIELD_DEFINITION_ID, REQUIRED) VALUES (1031000, 'email.edit', 'email.temporaryEndDate', TRUE);
INSERT INTO FIELD_CONDITION (CONDITION_ID, DEPENDENT_FIELD_DEFINITION_ID, DEPENDENT_VALUE, FIELD_REQUIRED_ID) VALUES (1000095, 'email.activationStatus', 'temporary', 1031000);
INSERT INTO FIELD_REQUIRED (FIELD_REQUIRED_ID, SECTION_NAME, FIELD_DEFINITION_ID, REQUIRED) VALUES (1032000, 'email.edit', 'email.emailAddress', TRUE);

INSERT INTO FIELD_REQUIRED (FIELD_REQUIRED_ID, SECTION_NAME, FIELD_DEFINITION_ID, REQUIRED) VALUES (1033000, 'email.info', 'email.customFieldMap[emailType]', TRUE);
INSERT INTO FIELD_REQUIRED (FIELD_REQUIRED_ID, SECTION_NAME, FIELD_DEFINITION_ID, REQUIRED) VALUES (1034000, 'email.info', 'email.activationStatus', TRUE);
INSERT INTO FIELD_REQUIRED (FIELD_REQUIRED_ID, SECTION_NAME, FIELD_DEFINITION_ID, REQUIRED) VALUES (1035000, 'email.info', 'email.effectiveDate', TRUE);
INSERT INTO FIELD_CONDITION (CONDITION_ID, DEPENDENT_FIELD_DEFINITION_ID, DEPENDENT_VALUE, FIELD_REQUIRED_ID) VALUES (1000096, 'email.activationStatus', 'permanent', 1035000);
INSERT INTO FIELD_REQUIRED (FIELD_REQUIRED_ID, SECTION_NAME, FIELD_DEFINITION_ID, REQUIRED) VALUES (1036000, 'email.info', 'email.seasonalStartDate', TRUE);
INSERT INTO FIELD_CONDITION (CONDITION_ID, DEPENDENT_FIELD_DEFINITION_ID, DEPENDENT_VALUE, FIELD_REQUIRED_ID) VALUES (1000097, 'email.activationStatus', 'seasonal', 1036000);
INSERT INTO FIELD_REQUIRED (FIELD_REQUIRED_ID, SECTION_NAME, FIELD_DEFINITION_ID, REQUIRED) VALUES (1037000, 'email.info', 'email.seasonalEndDate', TRUE);
INSERT INTO FIELD_CONDITION (CONDITION_ID, DEPENDENT_FIELD_DEFINITION_ID, DEPENDENT_VALUE, FIELD_REQUIRED_ID) VALUES (1000098, 'email.activationStatus', 'seasonal', 1037000);
INSERT INTO FIELD_REQUIRED (FIELD_REQUIRED_ID, SECTION_NAME, FIELD_DEFINITION_ID, REQUIRED) VALUES (1038000, 'email.info', 'email.temporaryStartDate', TRUE);
INSERT INTO FIELD_CONDITION (CONDITION_ID, DEPENDENT_FIELD_DEFINITION_ID, DEPENDENT_VALUE, FIELD_REQUIRED_ID) VALUES (1000099, 'email.activationStatus', 'temporary', 1038000);
INSERT INTO FIELD_REQUIRED (FIELD_REQUIRED_ID, SECTION_NAME, FIELD_DEFINITION_ID, REQUIRED) VALUES (1039000, 'email.info', 'email.temporaryEndDate', TRUE);
INSERT INTO FIELD_CONDITION (CONDITION_ID, DEPENDENT_FIELD_DEFINITION_ID, DEPENDENT_VALUE, FIELD_REQUIRED_ID) VALUES (1000100, 'email.activationStatus', 'temporary', 1039000);
INSERT INTO FIELD_REQUIRED (FIELD_REQUIRED_ID, SECTION_NAME, FIELD_DEFINITION_ID, REQUIRED) VALUES (1040000, 'email.info', 'email.emailAddress', TRUE);

-- Phone
INSERT INTO FIELD_REQUIRED (FIELD_REQUIRED_ID, SECTION_NAME, FIELD_DEFINITION_ID, REQUIRED) VALUES (1041000, 'phone.edit', 'phone.customFieldMap[phoneType]', TRUE);
INSERT INTO FIELD_REQUIRED (FIELD_REQUIRED_ID, SECTION_NAME, FIELD_DEFINITION_ID, REQUIRED) VALUES (1042000, 'phone.edit', 'phone.activationStatus', TRUE);
INSERT INTO FIELD_REQUIRED (FIELD_REQUIRED_ID, SECTION_NAME, FIELD_DEFINITION_ID, REQUIRED) VALUES (1043000, 'phone.edit', 'phone.effectiveDate', TRUE);
INSERT INTO FIELD_CONDITION (CONDITION_ID, DEPENDENT_FIELD_DEFINITION_ID, DEPENDENT_VALUE, FIELD_REQUIRED_ID) VALUES (1000101, 'phone.activationStatus', 'permanent', 1043000);
INSERT INTO FIELD_REQUIRED (FIELD_REQUIRED_ID, SECTION_NAME, FIELD_DEFINITION_ID, REQUIRED) VALUES (1044000, 'phone.edit', 'phone.seasonalStartDate', TRUE);
INSERT INTO FIELD_CONDITION (CONDITION_ID, DEPENDENT_FIELD_DEFINITION_ID, DEPENDENT_VALUE, FIELD_REQUIRED_ID) VALUES (1000102, 'phone.activationStatus', 'seasonal', 1044000);
INSERT INTO FIELD_REQUIRED (FIELD_REQUIRED_ID, SECTION_NAME, FIELD_DEFINITION_ID, REQUIRED) VALUES (1045000, 'phone.edit', 'phone.seasonalEndDate', TRUE);
INSERT INTO FIELD_CONDITION (CONDITION_ID, DEPENDENT_FIELD_DEFINITION_ID, DEPENDENT_VALUE, FIELD_REQUIRED_ID) VALUES (1000103, 'phone.activationStatus', 'seasonal', 1045000);
INSERT INTO FIELD_REQUIRED (FIELD_REQUIRED_ID, SECTION_NAME, FIELD_DEFINITION_ID, REQUIRED) VALUES (1046000, 'phone.edit', 'phone.temporaryStartDate', TRUE);
INSERT INTO FIELD_CONDITION (CONDITION_ID, DEPENDENT_FIELD_DEFINITION_ID, DEPENDENT_VALUE, FIELD_REQUIRED_ID) VALUES (1000104, 'phone.activationStatus', 'temporary', 1046000);
INSERT INTO FIELD_REQUIRED (FIELD_REQUIRED_ID, SECTION_NAME, FIELD_DEFINITION_ID, REQUIRED) VALUES (1047000, 'phone.edit', 'phone.temporaryEndDate', TRUE);
INSERT INTO FIELD_CONDITION (CONDITION_ID, DEPENDENT_FIELD_DEFINITION_ID, DEPENDENT_VALUE, FIELD_REQUIRED_ID) VALUES (1000105, 'phone.activationStatus', 'temporary', 1047000);
INSERT INTO FIELD_REQUIRED (FIELD_REQUIRED_ID, SECTION_NAME, FIELD_DEFINITION_ID, REQUIRED) VALUES (1048000, 'phone.edit', 'phone.number', TRUE);

INSERT INTO FIELD_REQUIRED (FIELD_REQUIRED_ID, SECTION_NAME, FIELD_DEFINITION_ID, REQUIRED) VALUES (1049000, 'phone.info', 'phone.customFieldMap[phoneType]', TRUE);
INSERT INTO FIELD_REQUIRED (FIELD_REQUIRED_ID, SECTION_NAME, FIELD_DEFINITION_ID, REQUIRED) VALUES (1050000, 'phone.info', 'phone.activationStatus', TRUE);
INSERT INTO FIELD_REQUIRED (FIELD_REQUIRED_ID, SECTION_NAME, FIELD_DEFINITION_ID, REQUIRED) VALUES (1051000, 'phone.info', 'phone.effectiveDate', TRUE);
INSERT INTO FIELD_CONDITION (CONDITION_ID, DEPENDENT_FIELD_DEFINITION_ID, DEPENDENT_VALUE, FIELD_REQUIRED_ID) VALUES (1000106, 'phone.activationStatus', 'permanent', 1051000);
INSERT INTO FIELD_REQUIRED (FIELD_REQUIRED_ID, SECTION_NAME, FIELD_DEFINITION_ID, REQUIRED) VALUES (1052000, 'phone.info', 'phone.seasonalStartDate', TRUE);
INSERT INTO FIELD_CONDITION (CONDITION_ID, DEPENDENT_FIELD_DEFINITION_ID, DEPENDENT_VALUE, FIELD_REQUIRED_ID) VALUES (1000107, 'phone.activationStatus', 'seasonal', 1052000);
INSERT INTO FIELD_REQUIRED (FIELD_REQUIRED_ID, SECTION_NAME, FIELD_DEFINITION_ID, REQUIRED) VALUES (1053000, 'phone.info', 'phone.seasonalEndDate', TRUE);
INSERT INTO FIELD_CONDITION (CONDITION_ID, DEPENDENT_FIELD_DEFINITION_ID, DEPENDENT_VALUE, FIELD_REQUIRED_ID) VALUES (1000108, 'phone.activationStatus', 'seasonal', 1053000);
INSERT INTO FIELD_REQUIRED (FIELD_REQUIRED_ID, SECTION_NAME, FIELD_DEFINITION_ID, REQUIRED) VALUES (1054000, 'phone.info', 'phone.temporaryStartDate', TRUE);
INSERT INTO FIELD_CONDITION (CONDITION_ID, DEPENDENT_FIELD_DEFINITION_ID, DEPENDENT_VALUE, FIELD_REQUIRED_ID) VALUES (1000109, 'phone.activationStatus', 'temporary', 1054000);
INSERT INTO FIELD_REQUIRED (FIELD_REQUIRED_ID, SECTION_NAME, FIELD_DEFINITION_ID, REQUIRED) VALUES (1055000, 'phone.info', 'phone.temporaryEndDate', TRUE);
INSERT INTO FIELD_CONDITION (CONDITION_ID, DEPENDENT_FIELD_DEFINITION_ID, DEPENDENT_VALUE, FIELD_REQUIRED_ID) VALUES (1000110, 'phone.activationStatus', 'temporary', 1055000);

INSERT INTO FIELD_REQUIRED (FIELD_REQUIRED_ID, SECTION_NAME, FIELD_DEFINITION_ID, REQUIRED) VALUES (1056000, 'phone.info', 'phone.number', TRUE);

-- Gift In Kind required
INSERT INTO FIELD_REQUIRED (FIELD_REQUIRED_ID, SECTION_NAME, FIELD_DEFINITION_ID, REQUIRED) VALUES (1057000, 'giftInKind.donation', 'giftInKind.fairMarketValue', TRUE);
INSERT INTO FIELD_REQUIRED (FIELD_REQUIRED_ID, SECTION_NAME, FIELD_DEFINITION_ID, REQUIRED) VALUES (1058000, 'giftInKind.donation', 'giftInKind.currencyCode', TRUE);
INSERT INTO FIELD_REQUIRED (FIELD_REQUIRED_ID, SECTION_NAME, FIELD_DEFINITION_ID, REQUIRED) VALUES (1059000, 'giftInKind.donation', 'giftInKind.donationDate', TRUE);

-- Gift In Kind Details
INSERT INTO FIELD_REQUIRED (FIELD_REQUIRED_ID, SECTION_NAME, FIELD_DEFINITION_ID, SECONDARY_FIELD_DEFINITION_ID, REQUIRED) VALUES (1061000, 'giftInKind.details', 'giftInKind.details.detailFairMarketValue', 'details.detailFairMarketValue', TRUE);
INSERT INTO FIELD_REQUIRED (FIELD_REQUIRED_ID, SECTION_NAME, FIELD_DEFINITION_ID, SECONDARY_FIELD_DEFINITION_ID, REQUIRED) VALUES (1062000, 'giftInKind.details', 'giftInKind.details.description', 'details.description', TRUE);
INSERT INTO MESSAGE_RESOURCE (LANGUAGE_ABBREVIATION, MESSAGE_KEY, MESSAGE_RESOURCE_TYPE, MESSAGE_VALUE) values ('en_US', 'giftInKindFairMarketValues', 'FIELD_VALIDATION', 'Individual fair market values must add up to the total fair market value');
INSERT INTO MESSAGE_RESOURCE (LANGUAGE_ABBREVIATION, MESSAGE_KEY, MESSAGE_RESOURCE_TYPE, MESSAGE_VALUE) values ('en_US', 'giftInKindDescription', 'FIELD_VALIDATION', 'A description must be entered for each individual fair market value');

-- Distribution Line
INSERT INTO FIELD_REQUIRED (FIELD_REQUIRED_ID, SECTION_NAME, FIELD_DEFINITION_ID, SECONDARY_FIELD_DEFINITION_ID, REQUIRED) VALUES (1063000, 'gift.distribution', 'gift.distributionLines.amount', 'distributionLines.amount', TRUE);
INSERT INTO FIELD_REQUIRED (FIELD_REQUIRED_ID, SECTION_NAME, FIELD_DEFINITION_ID, SECONDARY_FIELD_DEFINITION_ID, REQUIRED) VALUES (1064000, 'gift.distribution', 'gift.distributionLines.percentage', 'distributionLines.percentage', TRUE);
INSERT INTO FIELD_REQUIRED (FIELD_REQUIRED_ID, SECTION_NAME, FIELD_DEFINITION_ID, SECONDARY_FIELD_DEFINITION_ID, REQUIRED) VALUES (1062001, 'gift.distribution', 'gift.distributionLines.projectCode', 'distributionLines.projectCode', TRUE);

INSERT INTO FIELD_REQUIRED (FIELD_REQUIRED_ID, SECTION_NAME, FIELD_DEFINITION_ID, SECONDARY_FIELD_DEFINITION_ID, REQUIRED) VALUES (1065000, 'recurringGift.distribution', 'recurringGift.distributionLines.amount', 'distributionLines.amount', TRUE);
INSERT INTO FIELD_REQUIRED (FIELD_REQUIRED_ID, SECTION_NAME, FIELD_DEFINITION_ID, SECONDARY_FIELD_DEFINITION_ID, REQUIRED) VALUES (1066000, 'recurringGift.distribution', 'recurringGift.distributionLines.percentage', 'distributionLines.percentage', TRUE);
INSERT INTO FIELD_REQUIRED (FIELD_REQUIRED_ID, SECTION_NAME, FIELD_DEFINITION_ID, SECONDARY_FIELD_DEFINITION_ID, REQUIRED) VALUES (1066001, 'recurringGift.distribution', 'recurringGift.distributionLines.projectCode', 'distributionLines.projectCode', TRUE);

INSERT INTO FIELD_REQUIRED (FIELD_REQUIRED_ID, SECTION_NAME, FIELD_DEFINITION_ID, SECONDARY_FIELD_DEFINITION_ID, REQUIRED) VALUES (1067000, 'pledge.distribution', 'pledge.distributionLines.amount', 'distributionLines.amount', TRUE);
INSERT INTO FIELD_REQUIRED (FIELD_REQUIRED_ID, SECTION_NAME, FIELD_DEFINITION_ID, SECONDARY_FIELD_DEFINITION_ID, REQUIRED) VALUES (1068000, 'pledge.distribution', 'pledge.distributionLines.percentage', 'distributionLines.percentage', TRUE);
INSERT INTO FIELD_REQUIRED (FIELD_REQUIRED_ID, SECTION_NAME, FIELD_DEFINITION_ID, SECONDARY_FIELD_DEFINITION_ID, REQUIRED) VALUES (1068001, 'pledge.distribution', 'pledge.distributionLines.projectCode', 'distributionLines.projectCode', TRUE);

INSERT INTO MESSAGE_RESOURCE (LANGUAGE_ABBREVIATION, MESSAGE_KEY, MESSAGE_RESOURCE_TYPE, MESSAGE_VALUE) values ('en_US', 'distributionLineDesignationCode', 'FIELD_VALIDATION', 'A designation code must be entered for each individual distribution line');

-- Gift Adjustment
INSERT INTO FIELD_REQUIRED (FIELD_REQUIRED_ID, SECTION_NAME, FIELD_DEFINITION_ID, REQUIRED) VALUES (1000500, 'adjustedGift.information', 'adjustedGift.adjustedAmount', TRUE);
INSERT INTO FIELD_REQUIRED (FIELD_REQUIRED_ID, SECTION_NAME, FIELD_DEFINITION_ID, REQUIRED) VALUES (1000600, 'adjustedGift.information', 'adjustedGift.reason', TRUE);
INSERT INTO FIELD_REQUIRED (FIELD_REQUIRED_ID, SECTION_NAME, FIELD_DEFINITION_ID, REQUIRED) VALUES (1000700, 'adjustedGift.information', 'adjustedGift.type', TRUE);
INSERT INTO FIELD_REQUIRED (FIELD_REQUIRED_ID, SECTION_NAME, FIELD_DEFINITION_ID, REQUIRED) VALUES (1000800, 'adjustedGift.information', 'adjustedGift.status', TRUE);

INSERT INTO FIELD_REQUIRED (FIELD_REQUIRED_ID, SECTION_NAME, FIELD_DEFINITION_ID, REQUIRED) VALUES (1000900, 'adjustedGift.payment', 'adjustedGift.paymentRequired', TRUE);
INSERT INTO FIELD_REQUIRED (FIELD_REQUIRED_ID, SECTION_NAME, FIELD_DEFINITION_ID, REQUIRED) VALUES (1000910, 'adjustedGift.payment', 'adjustedGift.paymentTo', TRUE);
INSERT INTO FIELD_REQUIRED (FIELD_REQUIRED_ID, SECTION_NAME, FIELD_DEFINITION_ID, REQUIRED) VALUES (1000920, 'adjustedGift.payment', 'adjustedGift.paymentType', TRUE);
INSERT INTO FIELD_REQUIRED (FIELD_REQUIRED_ID, SECTION_NAME, FIELD_DEFINITION_ID, REQUIRED) VALUES (1000930, 'adjustedGift.payment', 'adjustedGift.paymentSource.id', TRUE);
INSERT INTO FIELD_CONDITION (CONDITION_ID, DEPENDENT_FIELD_DEFINITION_ID, DEPENDENT_VALUE, FIELD_REQUIRED_ID) VALUES (1000112, 'adjustedGift.paymentRequired', 'true', 1000910);
INSERT INTO FIELD_CONDITION (CONDITION_ID, DEPENDENT_FIELD_DEFINITION_ID, DEPENDENT_VALUE, FIELD_REQUIRED_ID) VALUES (1000113, 'adjustedGift.paymentRequired', 'true', 1000920);
INSERT INTO FIELD_CONDITION (CONDITION_ID, DEPENDENT_FIELD_DEFINITION_ID, DEPENDENT_VALUE, FIELD_REQUIRED_ID) VALUES (1000114, 'adjustedGift.paymentRequired', 'true', 1000930);

INSERT INTO FIELD_REQUIRED (FIELD_REQUIRED_ID, SECTION_NAME, FIELD_DEFINITION_ID, REQUIRED) VALUES (1001020, 'adjustedGift.check', 'adjustedGift.checkNumber', TRUE);
INSERT INTO FIELD_CONDITION (CONDITION_ID, DEPENDENT_FIELD_DEFINITION_ID, DEPENDENT_VALUE, FIELD_REQUIRED_ID) VALUES (1000230, 'adjustedGift.paymentRequired', 'true', 1001020);
INSERT INTO FIELD_CONDITION (CONDITION_ID, DEPENDENT_FIELD_DEFINITION_ID, DEPENDENT_VALUE, FIELD_REQUIRED_ID) VALUES (1000231, 'adjustedGift.paymentType', 'Check', 1001020);

INSERT INTO FIELD_REQUIRED (FIELD_REQUIRED_ID, SECTION_NAME, FIELD_DEFINITION_ID, SECONDARY_FIELD_DEFINITION_ID, REQUIRED) VALUES (1001110, 'adjustedGift.distribution', 'adjustedGift.distributionLines.amount', 'distributionLines.amount', TRUE);
INSERT INTO FIELD_REQUIRED (FIELD_REQUIRED_ID, SECTION_NAME, FIELD_DEFINITION_ID, SECONDARY_FIELD_DEFINITION_ID, REQUIRED) VALUES (1001120, 'adjustedGift.distribution', 'adjustedGift.distributionLines.percentage', 'distributionLines.percentage', TRUE);

