// Rollup test
INSERT INTO PERSON (PERSON_ID, CONSTITUENT_ATTRIBUTES, TITLE, FIRST_NAME, MIDDLE_NAME, LAST_NAME, SUFFIX, MARITAL_STATUS, ORGANIZATION_NAME, SITE_NAME, MAJOR_DONOR, LAPSED_DONOR, CREATE_DATE, UPDATE_DATE) VALUES (100001, 'organization', null, null, null, null, null, 'Unknown', 'A1 Holding Company', 'company1', false, false, CURRENT_TIMESTAMP, CURRENT_TIMESTAMP);
INSERT INTO PERSON (CONSTITUENT_ATTRIBUTES, TITLE, FIRST_NAME, MIDDLE_NAME, LAST_NAME, SUFFIX, MARITAL_STATUS, ORGANIZATION_NAME, SITE_NAME, MAJOR_DONOR, LAPSED_DONOR, CREATE_DATE, UPDATE_DATE) VALUES ('organization', null, null, null, null, null, 'Unknown', 'B2 Conglomerate', 'company1', false, false, CURRENT_TIMESTAMP, CURRENT_TIMESTAMP);
INSERT INTO PERSON (CONSTITUENT_ATTRIBUTES, TITLE, FIRST_NAME, MIDDLE_NAME, LAST_NAME, SUFFIX, MARITAL_STATUS, ORGANIZATION_NAME, SITE_NAME, MAJOR_DONOR, LAPSED_DONOR, CREATE_DATE, UPDATE_DATE) VALUES ('organization', null, null, null, null, null, 'Unknown', 'B3 Conglomerate', 'company1', false, false, CURRENT_TIMESTAMP, CURRENT_TIMESTAMP);
INSERT INTO PERSON (CONSTITUENT_ATTRIBUTES, TITLE, FIRST_NAME, MIDDLE_NAME, LAST_NAME, SUFFIX, MARITAL_STATUS, ORGANIZATION_NAME, SITE_NAME, MAJOR_DONOR, LAPSED_DONOR, CREATE_DATE, UPDATE_DATE) VALUES ('organization', null, null, null, null, null, 'Unknown', 'B4 Conglomerate', 'company1', false, false, CURRENT_TIMESTAMP, CURRENT_TIMESTAMP);
INSERT INTO PERSON (CONSTITUENT_ATTRIBUTES, TITLE, FIRST_NAME, MIDDLE_NAME, LAST_NAME, SUFFIX, MARITAL_STATUS, ORGANIZATION_NAME, SITE_NAME, MAJOR_DONOR, LAPSED_DONOR, CREATE_DATE, UPDATE_DATE) VALUES ('organization', null, null, null, null, null, 'Unknown', 'C5 Corporation', 'company1', false, false, CURRENT_TIMESTAMP, CURRENT_TIMESTAMP);
INSERT INTO PERSON (CONSTITUENT_ATTRIBUTES, TITLE, FIRST_NAME, MIDDLE_NAME, LAST_NAME, SUFFIX, MARITAL_STATUS, ORGANIZATION_NAME, SITE_NAME, MAJOR_DONOR, LAPSED_DONOR, CREATE_DATE, UPDATE_DATE) VALUES ('organization', null, null, null, null, null, 'Unknown', 'C6 Corporation', 'company1', false, false, CURRENT_TIMESTAMP, CURRENT_TIMESTAMP);
INSERT INTO PERSON (CONSTITUENT_ATTRIBUTES, TITLE, FIRST_NAME, MIDDLE_NAME, LAST_NAME, SUFFIX, MARITAL_STATUS, ORGANIZATION_NAME, SITE_NAME, MAJOR_DONOR, LAPSED_DONOR, CREATE_DATE, UPDATE_DATE) VALUES ('organization', null, null, null, null, null, 'Unknown', 'C7 Corporation', 'company1', false, false, CURRENT_TIMESTAMP, CURRENT_TIMESTAMP);
INSERT INTO PERSON (CONSTITUENT_ATTRIBUTES, TITLE, FIRST_NAME, MIDDLE_NAME, LAST_NAME, SUFFIX, MARITAL_STATUS, ORGANIZATION_NAME, SITE_NAME, MAJOR_DONOR, LAPSED_DONOR, CREATE_DATE, UPDATE_DATE) VALUES ('organization', null, null, null, null, null, 'Unknown', 'D8 Company', 'company1', false, false, CURRENT_TIMESTAMP, CURRENT_TIMESTAMP);
INSERT INTO PERSON (CONSTITUENT_ATTRIBUTES, TITLE, FIRST_NAME, MIDDLE_NAME, LAST_NAME, SUFFIX, MARITAL_STATUS, ORGANIZATION_NAME, SITE_NAME, MAJOR_DONOR, LAPSED_DONOR, CREATE_DATE, UPDATE_DATE) VALUES ('organization', null, null, null, null, null, 'Unknown', 'D9 Company', 'company1', false, false, CURRENT_TIMESTAMP, CURRENT_TIMESTAMP);
INSERT INTO PERSON (CONSTITUENT_ATTRIBUTES, TITLE, FIRST_NAME, MIDDLE_NAME, LAST_NAME, SUFFIX, MARITAL_STATUS, ORGANIZATION_NAME, SITE_NAME, MAJOR_DONOR, LAPSED_DONOR, CREATE_DATE, UPDATE_DATE) VALUES ('organization', null, null, null, null, null, 'Unknown', 'D10 Company', 'company1', false, false, CURRENT_TIMESTAMP, CURRENT_TIMESTAMP);


// Level 1
INSERT INTO CUSTOM_FIELD(CUSTOM_FIELD_ID, FIELD_NAME, FIELD_VALUE) VALUES (1, 'organization.parent','');
INSERT INTO PERSON_CUSTOM_FIELD(CUSTOM_FIELD_ID, PERSON_ID) VALUES (1,100001);
INSERT INTO CUSTOM_FIELD(CUSTOM_FIELD_ID, FIELD_NAME, FIELD_VALUE) VALUES (2, 'organization.subsidiaryList','100002,100003,100004');
INSERT INTO PERSON_CUSTOM_FIELD(CUSTOM_FIELD_ID, PERSON_ID) VALUES (2,100001);


// Level 2
INSERT INTO CUSTOM_FIELD(CUSTOM_FIELD_ID, FIELD_NAME, FIELD_VALUE) VALUES (3, 'organization.parent','100001');
INSERT INTO PERSON_CUSTOM_FIELD(CUSTOM_FIELD_ID, PERSON_ID) VALUES (3,100002);
INSERT INTO CUSTOM_FIELD(CUSTOM_FIELD_ID, FIELD_NAME, FIELD_VALUE) VALUES (4, 'organization.subsidiaryList','100005,100006');
INSERT INTO PERSON_CUSTOM_FIELD(CUSTOM_FIELD_ID, PERSON_ID) VALUES (4,100002);

INSERT INTO CUSTOM_FIELD(CUSTOM_FIELD_ID, FIELD_NAME, FIELD_VALUE) VALUES (5, 'organization.parent','100001');
INSERT INTO PERSON_CUSTOM_FIELD(CUSTOM_FIELD_ID, PERSON_ID) VALUES (5,100003);
INSERT INTO CUSTOM_FIELD(CUSTOM_FIELD_ID, FIELD_NAME, FIELD_VALUE) VALUES (6, 'organization.subsidiaryList','100007');
INSERT INTO PERSON_CUSTOM_FIELD(CUSTOM_FIELD_ID, PERSON_ID) VALUES (6,100003);

INSERT INTO CUSTOM_FIELD(CUSTOM_FIELD_ID, FIELD_NAME, FIELD_VALUE) VALUES (7, 'organization.parent','100001');
INSERT INTO PERSON_CUSTOM_FIELD(CUSTOM_FIELD_ID, PERSON_ID) VALUES (7,100004);
INSERT INTO CUSTOM_FIELD(CUSTOM_FIELD_ID, FIELD_NAME, FIELD_VALUE) VALUES (8, 'organization.subsidiaryList','');
INSERT INTO PERSON_CUSTOM_FIELD(CUSTOM_FIELD_ID, PERSON_ID) VALUES (8,100004);

// Level 3

INSERT INTO CUSTOM_FIELD(CUSTOM_FIELD_ID, FIELD_NAME, FIELD_VALUE) VALUES (9, 'organization.parent','100002');
INSERT INTO PERSON_CUSTOM_FIELD(CUSTOM_FIELD_ID, PERSON_ID) VALUES (9,100005);
INSERT INTO CUSTOM_FIELD(CUSTOM_FIELD_ID, FIELD_NAME, FIELD_VALUE) VALUES (10, 'organization.subsidiaryList','100008,100009');
INSERT INTO PERSON_CUSTOM_FIELD(CUSTOM_FIELD_ID, PERSON_ID) VALUES (10,100005);

INSERT INTO CUSTOM_FIELD(CUSTOM_FIELD_ID, FIELD_NAME, FIELD_VALUE) VALUES (11, 'organization.parent','100002');
INSERT INTO PERSON_CUSTOM_FIELD(CUSTOM_FIELD_ID, PERSON_ID) VALUES (11,100006);
INSERT INTO CUSTOM_FIELD(CUSTOM_FIELD_ID, FIELD_NAME, FIELD_VALUE) VALUES (12, 'organization.subsidiaryList','');
INSERT INTO PERSON_CUSTOM_FIELD(CUSTOM_FIELD_ID, PERSON_ID) VALUES (12,100006);

INSERT INTO CUSTOM_FIELD(CUSTOM_FIELD_ID, FIELD_NAME, FIELD_VALUE) VALUES (13, 'organization.parent','100003');
INSERT INTO PERSON_CUSTOM_FIELD(CUSTOM_FIELD_ID, PERSON_ID) VALUES (13,100007);
INSERT INTO CUSTOM_FIELD(CUSTOM_FIELD_ID, FIELD_NAME, FIELD_VALUE) VALUES (14, 'organization.subsidiaryList','100010');
INSERT INTO PERSON_CUSTOM_FIELD(CUSTOM_FIELD_ID, PERSON_ID) VALUES (14,100007);

// Level 4

INSERT INTO CUSTOM_FIELD(CUSTOM_FIELD_ID, FIELD_NAME, FIELD_VALUE) VALUES (15, 'organization.parent','100005');
INSERT INTO PERSON_CUSTOM_FIELD(CUSTOM_FIELD_ID, PERSON_ID) VALUES (15,100008);
INSERT INTO CUSTOM_FIELD(CUSTOM_FIELD_ID, FIELD_NAME, FIELD_VALUE) VALUES (16, 'organization.subsidiaryList','');
INSERT INTO PERSON_CUSTOM_FIELD(CUSTOM_FIELD_ID, PERSON_ID) VALUES (16,100008);

INSERT INTO CUSTOM_FIELD(CUSTOM_FIELD_ID, FIELD_NAME, FIELD_VALUE) VALUES (17, 'organization.parent','100005');
INSERT INTO PERSON_CUSTOM_FIELD(CUSTOM_FIELD_ID, PERSON_ID) VALUES (17,100009);
INSERT INTO CUSTOM_FIELD(CUSTOM_FIELD_ID, FIELD_NAME, FIELD_VALUE) VALUES (18, 'organization.subsidiaryList','');
INSERT INTO PERSON_CUSTOM_FIELD(CUSTOM_FIELD_ID, PERSON_ID) VALUES (18,100009);

INSERT INTO CUSTOM_FIELD(CUSTOM_FIELD_ID, FIELD_NAME, FIELD_VALUE) VALUES (19, 'organization.parent','100007');
INSERT INTO PERSON_CUSTOM_FIELD(CUSTOM_FIELD_ID, PERSON_ID) VALUES (19,100010);
INSERT INTO CUSTOM_FIELD(CUSTOM_FIELD_ID, FIELD_NAME, FIELD_VALUE) VALUES (20, 'organization.subsidiaryList','');
INSERT INTO PERSON_CUSTOM_FIELD(CUSTOM_FIELD_ID, PERSON_ID) VALUES (20,100010);

